,Year,Team,G,MP,FG,FGA,FG%,3P,3PA,3P%,2P,2PA,2P%,FT,FTA,FT%,ORB,DRB,TRB,AST,STL,BLK,TOV,PF,PTS,Playoffs,Championship
0,2000,Sacramento Kings,82,20080,39.7,88.2,0.449,6.1,17.1,0.354,33.6,71.1,0.472,20.3,26.3,0.771,12.5,34.2,46.7,23.4,10,5.5,15.5,20.2,105.6,TRUE,FALSE
1,2000,Milwaukee Bucks,82,19780,41,89.5,0.458,7.4,19.5,0.379,33.6,70,0.48,19.4,24.7,0.787,12.8,32.9,45.8,24.3,8.8,5.1,14.8,25.4,108.8,TRUE,FALSE
2,2000,Los Angeles Lakers,82,19905,40.9,87.9,0.465,5.8,16.8,0.344,35.1,71.1,0.494,20.9,30.7,0.683,14.3,33.9,48.2,24.8,7.4,6.4,15.6,24.6,108.4,TRUE,TRUE
3,2000,Dallas Mavericks,82,19805,40.1,87.3,0.459,6.7,17.6,0.381,33.4,69.7,0.479,20.2,25.4,0.794,10.8,33.4,44.2,22.6,8,6.4,14.8,24.8,107.1,TRUE,FALSE
4,2000,Toronto Raptors,82,19955,40.3,92.2,0.437,5.7,15.4,0.369,34.6,76.8,0.451,19.6,26.2,0.747,14.8,33.4,48.2,26.5,7.9,6.9,14.3,23.1,105.9,TRUE,FALSE
5,2000,Orlando Magic,82,19955,38.9,88.7,0.438,6.3,17.4,0.364,32.6,71.4,0.456,19.1,26.7,0.714,13.8,31.6,45.4,23.3,8.7,6.2,16.1,26.7,103.2,TRUE,FALSE
6,2000,Minnesota Timberwolves,82,19830,41.5,90.5,0.458,4.2,11.9,0.357,37.2,78.7,0.473,18,22.9,0.785,13.2,32.6,45.8,27.5,9,6,15,25,105.2,TRUE,FALSE
7,2000,Oklahoma City Thunder,82,19805,40.1,88,0.456,6.2,15.5,0.399,33.9,72.5,0.468,19.2,26.3,0.732,13.2,32.1,45.3,23.7,8.7,5.4,16.6,22.9,105.6,FALSE,FALSE
8,2000,Houston Rockets,82,19830,39.4,86.9,0.453,6.7,18.9,0.357,32.7,68,0.48,21.2,27.9,0.758,12.3,33.8,46.1,21.6,7.9,4.8,16.1,22.2,106.7,FALSE,FALSE
9,2000,Utah Jazz,82,19780,40,85,0.471,4.4,11.5,0.381,35.6,73.5,0.485,23.2,30.8,0.752,12.7,32.2,45,28.5,8.9,6.3,17.5,28.5,107.6,TRUE,FALSE
10,2000,Denver Nuggets,82,19780,39,90.1,0.433,6.7,18.9,0.355,32.3,71.2,0.454,19,25.7,0.737,13.7,33.8,47.5,25.8,7.2,7,14.9,23.8,103.7,FALSE,FALSE
11,2000,San Antonio Spurs,82,19830,39,84.6,0.461,6,14.8,0.407,33,69.8,0.472,22.6,31.6,0.715,12.2,36.6,48.8,24,7.7,7.8,15.5,21,106.6,TRUE,FALSE
12,2000,Detroit Pistons,82,19855,37.2,87.8,0.424,5,14.2,0.35,32.3,73.6,0.439,20.5,28.5,0.721,14.1,33.5,47.6,20.8,7.8,5.7,16.6,24.9,100,FALSE,FALSE
13,2000,Portland Trail Blazers,82,19780,40.9,87.3,0.468,5,14.4,0.349,35.9,73,0.492,19.7,25.8,0.762,13.1,33.8,46.8,26.7,9.1,5.7,17.1,23.8,106.5,TRUE,FALSE
14,2000,Philadelphia 76ers,82,19855,38.7,86.6,0.447,3.5,10.7,0.326,35.2,75.8,0.464,22.6,30.4,0.745,14.3,34.7,49,22.6,9.2,5.4,17.2,22.3,103.6,TRUE,FALSE
15,2000,Boston Celtics,82,19830,36.3,84.8,0.428,7.7,21.3,0.363,28.5,63.4,0.45,21.2,28.6,0.74,11.7,30.9,42.7,22.3,10.1,4.4,16.8,25.5,101.4,FALSE,FALSE
16,2000,Phoenix Suns,82,19805,38.3,87.9,0.436,4.3,13.7,0.315,34,74.2,0.458,19.4,25.7,0.755,12.6,32.9,45.5,24.8,10.1,5.6,16.3,24.3,100.3,TRUE,FALSE
17,2000,Washington Wizards,82,19680,37.3,84.9,0.439,3.6,11.2,0.324,33.7,73.8,0.456,22.4,29.5,0.759,13.4,31.2,44.6,21.7,8.3,5,18.3,25.2,100.6,FALSE,FALSE
18,2000,Indiana Pacers,82,19980,38,86.4,0.44,5.3,15.6,0.342,32.7,70.8,0.461,20.7,27,0.766,12.4,34.9,47.2,23.7,7.6,6.5,16.7,25.9,102,TRUE,FALSE
19,2000,Golden State Warriors,82,19780,37.9,92.5,0.409,3.6,12.4,0.293,34.2,80.1,0.427,18.4,26.1,0.706,17.3,30.8,48.1,23.1,9.6,5.3,16.8,22.3,97.8,FALSE,FALSE
20,2000,Los Angeles Clippers,82,20030,38.7,86.4,0.448,4.8,14.2,0.339,33.9,72.2,0.469,19.1,27.5,0.693,12.9,34.2,47.1,21.2,6.5,6.9,17.3,23.7,101.3,FALSE,FALSE
21,2000,Cleveland Cavaliers,82,19830,38.3,86.7,0.442,2.9,8.7,0.334,35.4,77.9,0.455,20.7,27.1,0.765,13.5,32.4,45.8,22.7,8.5,5.8,17.9,25.3,100.3,FALSE,FALSE
22,2000,Brooklyn Nets,82,19730,36.8,86.8,0.425,4.8,14.4,0.333,32.1,72.4,0.443,21.6,28.4,0.759,12,31,43,21.2,8.6,5.4,16,26.3,100,FALSE,FALSE
23,2000,New Orleans Pelicans,82,19880,37.8,87.8,0.431,4.6,13.3,0.346,33.2,74.5,0.446,21.6,29,0.745,13.9,35.2,49.2,25.7,9,6.1,16,23.7,101.8,TRUE,FALSE
24,2000,Memphis Grizzlies,82,19780,38,86.5,0.439,4.3,12.5,0.343,33.7,74,0.455,19.3,25,0.77,11.8,32.2,44,25.1,7.8,4.8,17.1,22.9,99.6,FALSE,FALSE
25,2000,Atlanta Hawks,82,19730,38,88.2,0.431,4.4,12.3,0.357,33.6,75.9,0.443,18.2,24,0.759,13.6,32.9,46.5,20.6,8.4,5.1,18.1,24.6,98.7,FALSE,FALSE
26,2000,Miami Heat,82,19880,37.4,86.8,0.43,6.6,19.2,0.345,30.7,67.6,0.455,19.7,26,0.759,11.3,33.8,45,22.6,8.8,4.2,15.6,23.9,101.1,TRUE,FALSE
27,2000,New York Knicks,82,19905,38.3,86.2,0.444,5.4,15.5,0.351,32.9,70.7,0.465,19.1,24,0.796,10.8,35.1,45.9,21.1,7.6,4.8,16.5,25.9,101.2,TRUE,FALSE
28,2000,Chicago Bulls,82,19855,36.8,86.8,0.424,4.5,12.9,0.346,32.4,73.9,0.438,19.1,25.8,0.739,12.5,30.6,43.1,24.5,9.1,5.1,17.5,25.7,97.2,FALSE,FALSE
29,2001,Dallas Mavericks,82,19880,41.6,90.1,0.462,8.1,21.4,0.378,33.5,68.7,0.488,20.9,25.9,0.806,11.9,33.4,45.3,23.6,7.6,5.1,12.9,24,112.2,TRUE,FALSE
30,2001,Sacramento Kings,82,19755,41.5,89,0.467,5.4,14.7,0.367,36.1,74.3,0.486,20.6,27.4,0.751,12.9,34.3,47.2,24.9,9.4,4.8,14.3,19.8,109,TRUE,FALSE
31,2001,Los Angeles Lakers,82,19780,41.5,90.1,0.461,6.7,19,0.354,34.8,71.2,0.489,19.7,28.2,0.699,13.5,34.3,47.8,24.8,8.2,6.3,13.7,24,109.4,TRUE,TRUE
32,2001,Orlando Magic,82,19830,40.1,89.5,0.448,8.1,21.6,0.373,32,68,0.471,18.8,24.9,0.754,12.2,31.7,43.9,23.4,8.6,5,14.5,22.1,107,TRUE,FALSE
33,2001,Minnesota Timberwolves,82,19805,42.5,92.2,0.461,5.3,14,0.378,37.2,78.2,0.476,18.7,23.5,0.798,14.2,34.3,48.5,26.7,7,5.7,14.7,23.3,109,TRUE,FALSE
34,2001,Oklahoma City Thunder,82,19830,42.6,90.8,0.469,6.6,17.6,0.378,35.9,73.3,0.49,17.2,22.7,0.755,13.2,31.7,44.9,26.2,9.5,4.9,15.3,23.5,108.9,TRUE,FALSE
35,2001,Golden State Warriors,82,19780,38.5,89.7,0.429,4.1,12.8,0.322,34.4,77,0.447,21.7,30.1,0.722,17.1,32,49.1,21.9,8.3,6.7,17.7,24.2,102.8,FALSE,FALSE
36,2001,Milwaukee Bucks,82,19905,40.6,87.9,0.462,7.9,21.2,0.375,32.7,66.7,0.49,17.7,23.6,0.748,11.2,34.2,45.4,24.7,8,5.2,15.5,23.9,106.9,FALSE,FALSE
37,2001,Indiana Pacers,82,19905,38.5,86.3,0.446,5.3,15.7,0.339,33.2,70.6,0.47,21.8,28.3,0.772,12.2,33.7,45.9,24.7,8.6,5.7,16.4,24.6,104.1,TRUE,FALSE
38,2001,San Antonio Spurs,82,19855,39.1,85.4,0.458,5.9,16.3,0.362,33.2,69.2,0.48,22.4,30.2,0.742,12.2,34.5,46.6,22.1,8.4,7.2,15.8,21.1,106.5,TRUE,FALSE
39,2001,Portland Trail Blazers,82,19830,40.7,90.4,0.45,6.3,17.9,0.354,34.4,72.5,0.474,19.7,25.8,0.763,14.7,33.1,47.8,26.1,9.5,5,15.9,21.8,107.4,TRUE,FALSE
40,2001,Boston Celtics,82,19830,37.3,88.1,0.424,9.1,25.5,0.359,28.2,62.6,0.45,19.6,25.6,0.764,11.7,33.6,45.3,22.5,10.4,3.8,14.6,23.2,103.4,TRUE,FALSE
41,2001,Brooklyn Nets,82,19830,40.1,89.9,0.446,5.3,15.7,0.338,34.8,74.1,0.469,18.5,25.1,0.735,13.7,33.2,46.9,26.2,9.4,6.5,15.7,22.9,104,TRUE,FALSE
42,2001,Utah Jazz,82,19830,38.5,85.5,0.45,3.8,11.3,0.333,34.7,74.2,0.468,24.8,32.6,0.763,14.9,31.5,46.4,26.8,10,7,18.1,26.4,105.6,TRUE,FALSE
43,2001,Los Angeles Clippers,82,19805,40,89.7,0.445,5.5,15.4,0.356,34.5,74.3,0.464,20.1,27.3,0.739,14.6,33.3,47.8,23.1,6.9,7.3,16.3,21.8,105.5,FALSE,FALSE
44,2001,Cleveland Cavaliers,82,19855,39.5,88.1,0.448,5.2,13.7,0.377,34.3,74.4,0.461,20.5,26.5,0.772,13,33.2,46.2,25.3,7.7,6.3,16,23.5,104.6,FALSE,FALSE
45,2001,Phoenix Suns,82,19830,41,91.8,0.447,4.7,14.5,0.327,36.3,77.3,0.469,16.5,21.6,0.767,14.2,32.2,46.4,24.3,8.8,5.3,16,23.6,103.3,FALSE,FALSE
46,2001,Detroit Pistons,82,19680,38.5,85.3,0.452,7.7,20.4,0.376,30.9,64.9,0.475,20,26.5,0.756,11,32.1,43,23.9,8.8,7.7,16.2,23,104.8,TRUE,FALSE
47,2001,Atlanta Hawks,82,19780,38.3,87.3,0.439,5.6,15.8,0.354,32.7,71.5,0.458,19.6,25.6,0.765,12.6,32.3,44.9,21.9,8.8,4.6,16.8,22.5,101.8,FALSE,FALSE
48,2001,New Orleans Pelicans,82,19755,39.2,89.2,0.44,4.7,13.5,0.348,34.5,75.7,0.456,21.2,28.5,0.745,14.3,33.9,48.3,23.8,8.8,6.2,15.6,23.7,104.3,TRUE,FALSE
49,2001,Washington Wizards,82,19730,40.5,91.8,0.441,4.2,10.8,0.388,36.3,80.9,0.448,19.7,25.7,0.765,14.5,33,47.5,23.6,7.8,4.9,14.7,24.3,104.8,FALSE,FALSE
50,2001,Houston Rockets,82,19980,38.6,90.3,0.428,6.8,20.2,0.335,31.9,70.1,0.455,19.1,25.8,0.741,14,32.8,46.8,20.2,7.3,6.1,15.7,20.1,103.1,FALSE,FALSE
51,2001,Denver Nuggets,82,19805,39.1,92.1,0.424,5.7,17.2,0.329,33.4,74.9,0.446,17.5,23.6,0.744,15,31,46,24.4,8.2,6.2,16.2,25.1,101.4,FALSE,FALSE
52,2001,New York Knicks,82,19805,38,88.1,0.432,6.4,18.2,0.353,31.6,69.9,0.453,19,24.1,0.787,11.8,33.2,45,23.2,7.5,3.9,16.1,24.3,101.5,FALSE,FALSE
53,2001,Toronto Raptors,82,19755,40,92.1,0.434,5.3,15.2,0.349,34.7,76.9,0.451,17.4,23.5,0.739,15.2,32,47.2,24.3,9.4,6.2,16.1,24.2,102.6,TRUE,FALSE
54,2001,Philadelphia 76ers,82,19730,38.4,88.1,0.436,2.9,9.8,0.299,35.4,78.3,0.453,22.4,28.8,0.779,14.9,34.7,49.6,22.4,9.6,5,17.2,22.5,102.1,TRUE,FALSE
55,2001,Memphis Grizzlies,82,19780,38,87,0.436,4.5,14.6,0.307,33.5,72.4,0.462,17.8,25.1,0.708,13.1,32.1,45.2,23.8,8.6,6.5,17.9,20.9,98.2,FALSE,FALSE
56,2001,Chicago Bulls,82,19805,37.6,86.9,0.433,4,11.6,0.346,33.6,75.3,0.447,18.9,26.2,0.722,12.4,31.6,43.9,24.3,8.5,4.8,16.8,24.5,98.2,FALSE,FALSE
57,2001,Miami Heat,82,19930,38.6,87.9,0.439,4.3,12.4,0.347,34.3,75.5,0.454,17,23.5,0.724,12.4,35,47.5,22.9,7.5,6.2,16.8,25.4,98.5,FALSE,FALSE
58,2002,Dallas Mavericks,82,19780,41.4,91.5,0.453,8.3,21.9,0.381,33.1,69.7,0.475,19.5,23.5,0.829,12,33.4,45.3,24.1,8.7,5.9,12.4,22.7,110.7,TRUE,FALSE
59,2002,Golden State Warriors,82,19755,39.5,89.5,0.441,5.5,15.9,0.344,34,73.6,0.462,23.9,30.7,0.778,16.6,32.8,49.4,22.1,7.7,6.5,16.7,23,108.3,FALSE,FALSE
60,2002,Sacramento Kings,82,19830,41.1,88.7,0.464,6.2,16.3,0.381,34.9,72.4,0.482,17.3,23.2,0.746,11.4,34.9,46.3,25.8,9.3,5.8,15.1,21.1,105.9,TRUE,FALSE
61,2002,Los Angeles Lakers,82,19930,40.3,89.3,0.451,6.3,17.8,0.356,33.9,71.5,0.475,20.3,27.7,0.734,14,33.3,47.3,24.9,8.3,6.1,15.5,24.4,107.2,TRUE,FALSE
62,2002,Milwaukee Bucks,82,19905,40.6,89,0.457,7.8,20.4,0.383,32.8,68.6,0.478,19.8,25.5,0.776,11.7,31.6,43.3,24.3,8.3,4.6,13.9,24.3,108.8,TRUE,FALSE
63,2002,Orlando Magic,82,19805,38.4,88,0.436,7.4,20.7,0.357,31,67.3,0.46,21,27.1,0.777,12.5,31.1,43.6,21.8,9.1,3.9,15.3,24.6,105.2,TRUE,FALSE
64,2002,Minnesota Timberwolves,82,19805,41.8,89.7,0.466,3.9,10.6,0.368,37.9,79.2,0.479,18.5,24.1,0.77,12.6,34.5,47.1,27.3,7.3,5.7,14.8,22.5,106.1,TRUE,FALSE
65,2002,Memphis Grizzlies,82,19930,39.6,87.6,0.452,6.1,16.6,0.365,33.5,71,0.473,18.6,25.2,0.739,12.3,32,44.3,24.6,8.5,6.5,16.4,21.8,103.9,FALSE,FALSE
66,2002,Philadelphia 76ers,82,19855,39.3,87.8,0.448,3.2,10.4,0.311,36.1,77.4,0.466,23.1,29.8,0.775,13.8,31.9,45.7,23.4,11.2,3.8,16,23.8,105,TRUE,FALSE
67,2002,Indiana Pacers,82,19905,38.3,87,0.441,5,14.7,0.339,33.3,72.3,0.461,22.9,29.9,0.766,13.2,34.5,47.7,25.2,9.2,5.8,15.9,23.8,104.6,TRUE,FALSE
68,2002,New York Knicks,82,19855,39.5,89.6,0.441,8.1,21.1,0.383,31.5,68.5,0.459,17.6,21.6,0.815,11.2,31.7,42.9,24,7.7,3.4,15.3,25.2,104.7,FALSE,FALSE
69,2002,San Antonio Spurs,82,19830,39.1,84.7,0.462,6,17.1,0.354,33.1,67.6,0.489,21.4,29.5,0.725,12.6,34.4,47,22,8.5,7.1,17.4,22.5,105.6,TRUE,TRUE
70,2002,Phoenix Suns,82,19805,39.8,89.7,0.443,5.2,15.2,0.343,34.6,74.5,0.464,18.9,25.5,0.742,13.9,32.3,46.2,22.8,8.8,5.3,16,23.8,103.7,TRUE,FALSE
71,2002,Brooklyn Nets,82,19755,38.6,87.4,0.441,4.6,13.8,0.332,34,73.6,0.462,22.1,29.1,0.757,13.1,33.5,46.7,25,9.5,5,16.1,23.5,103.8,TRUE,FALSE
72,2002,Portland Trail Blazers,82,19855,40.4,87.8,0.46,5.1,15.5,0.33,35.3,72.2,0.488,19.6,26.3,0.745,13.4,32.2,45.6,25.1,9.8,4.3,16.9,22.1,105.5,TRUE,FALSE
73,2002,Chicago Bulls,82,19930,38.5,86.4,0.445,4.5,12.8,0.35,34,73.6,0.462,18.7,25.9,0.722,12.7,32.7,45.4,22.9,7.8,5.9,17.9,26.1,100.2,FALSE,FALSE
74,2002,Utah Jazz,82,19780,39.3,84.1,0.468,3,8.7,0.349,36.3,75.4,0.481,23.8,31.9,0.745,13.9,32.4,46.2,28.6,9.6,6.3,18.7,25,105.5,TRUE,FALSE
75,2002,Atlanta Hawks,82,19905,37.9,85.3,0.444,5.3,15.1,0.352,32.6,70.2,0.464,21.1,26.7,0.793,12.4,33.9,46.3,22.3,8.1,6.3,18.1,23.6,102.3,FALSE,FALSE
76,2002,New Orleans Pelicans,82,19905,39.3,90.3,0.435,5.5,14.5,0.376,33.9,75.8,0.447,19.8,25.8,0.768,14.8,33.4,48.2,24.4,8.9,5.3,16.4,23.9,103.9,TRUE,FALSE
77,2002,Los Angeles Clippers,82,19755,37.7,86.3,0.437,5.2,15.7,0.331,32.5,70.7,0.46,21.7,29,0.75,13.4,32.7,46.2,21.3,7.6,6.1,17.2,23.7,102.3,FALSE,FALSE
78,2002,Houston Rockets,82,19930,38.5,87.6,0.44,6,17.2,0.346,32.6,70.5,0.462,21.3,27.7,0.768,13.9,34.8,48.7,20.4,8.1,6.7,17.3,21.7,104.3,FALSE,FALSE
79,2002,Boston Celtics,82,19830,36,86.7,0.415,9.6,28.7,0.334,26.4,58,0.455,19.7,26.6,0.742,11.3,32.9,44.2,21,9.6,4,15.3,23.4,101.2,TRUE,FALSE
80,2002,Oklahoma City Thunder,82,19855,39.6,90.6,0.437,6.3,17.7,0.353,33.4,72.9,0.458,18.2,24.4,0.744,13.2,32.7,46,24.4,9.3,4.1,14.9,23.5,103.7,FALSE,FALSE
81,2002,Washington Wizards,82,19830,38.7,87.8,0.44,3.5,11.1,0.312,35.2,76.6,0.459,22.2,28.5,0.779,12.6,32.9,45.5,22.1,8.5,5.4,15,22.6,103,FALSE,FALSE
82,2002,Cleveland Cavaliers,82,19830,36.7,86.9,0.422,3.8,11.5,0.327,32.9,75.3,0.437,19.3,25.9,0.747,14.4,32.7,47.1,22,8.2,6.7,19.3,24,96.5,FALSE,FALSE
83,2002,Detroit Pistons,82,19905,37.5,87.2,0.43,7.4,20.7,0.358,30.1,66.5,0.452,21.7,28.1,0.771,12.3,34,46.2,22.5,7.7,6.5,15.3,24.3,104.1,TRUE,FALSE
84,2002,Toronto Raptors,82,19805,38.4,89.9,0.427,5.5,16.1,0.343,32.9,73.8,0.446,18.2,25.3,0.718,13.8,31.8,45.6,21.3,8.2,5.3,15.9,23.7,100.5,FALSE,FALSE
85,2002,Miami Heat,82,19830,37,89.8,0.412,4.8,15.2,0.316,32.2,74.6,0.432,17.8,23.3,0.765,13.1,33.9,47,20.7,8.2,4.5,16.1,25.6,96.7,FALSE,FALSE
86,2002,Denver Nuggets,82,19730,35.9,87.5,0.411,3.1,11,0.278,32.9,76.4,0.43,17.3,24.7,0.699,14.9,31.6,46.4,23.2,9.5,5.6,20.2,27.5,92.2,FALSE,FALSE
87,2003,Dallas Mavericks,82,19805,43.2,94,0.459,6.6,18.9,0.348,36.6,75.1,0.488,19.2,24.1,0.796,15.3,33,48.3,25.5,8.5,5.7,13,20.9,112.1,TRUE,FALSE
88,2003,Sacramento Kings,82,19780,40.6,87.8,0.462,7.9,19.6,0.401,32.7,68.2,0.48,21.3,26.7,0.795,11.6,32.6,44.2,28.1,9.3,4.3,14.9,20.7,110.3,TRUE,FALSE
89,2003,Los Angeles Lakers,82,19855,39.7,87.4,0.454,4.8,14.6,0.327,34.9,72.8,0.479,21.4,30.8,0.693,13.1,33.2,46.3,25.5,8.9,5,14.8,22.7,105.5,TRUE,FALSE
90,2003,Milwaukee Bucks,82,19780,39.4,88.1,0.447,5.3,15.2,0.35,34,72.9,0.467,22.5,29,0.775,12.7,33.2,45.9,24.8,7.3,5.1,14.7,22.1,106.5,TRUE,FALSE
91,2003,Denver Nuggets,82,19730,39,88.1,0.443,4.3,12.8,0.336,34.7,75.3,0.461,21.6,28.1,0.767,14.1,31.1,45.2,23.4,9.7,6.8,16.7,23.5,103.9,TRUE,FALSE
92,2003,Oklahoma City Thunder,82,19805,39.6,88.8,0.446,9.7,26.1,0.373,29.9,62.7,0.476,18.4,24,0.765,12.2,31.2,43.5,24,8.9,5.2,16,24,107.3,FALSE,FALSE
93,2003,Memphis Grizzlies,82,19880,39.2,88,0.445,5.9,17.4,0.34,33.2,70.6,0.471,20.6,28.3,0.727,13.8,31.5,45.3,25.3,10.5,7.5,16.2,25.1,104.8,TRUE,FALSE
94,2003,Boston Celtics,82,19705,37.2,83.9,0.443,7.2,20.9,0.346,29.9,63,0.475,20.5,27.4,0.75,11.1,31.9,43,22,10.1,4.3,17.4,24,102.1,TRUE,FALSE
95,2003,Los Angeles Clippers,82,19805,37.5,87.7,0.428,4.4,13.6,0.321,33.1,74,0.448,24.1,30.7,0.785,15.3,32.2,47.5,22,7.9,5,17.9,24.2,103.5,FALSE,FALSE
96,2003,Minnesota Timberwolves,82,19755,41.4,89.7,0.462,4.5,12.2,0.363,37,77.5,0.477,18.6,23.8,0.781,11.9,36.1,48.1,25.8,7.7,6.3,14.2,23.6,105.9,TRUE,FALSE
97,2003,Phoenix Suns,82,19730,38.8,87.6,0.443,5.5,15.8,0.345,33.4,71.8,0.465,18.3,24.5,0.746,12.1,31.6,43.7,20.8,9.6,5,16.4,24.5,101.4,FALSE,FALSE
98,2003,Orlando Magic,82,19830,38.7,90.2,0.429,5.7,16.6,0.344,33,73.5,0.448,19.6,26.6,0.737,13.4,31.3,44.7,21.1,7.3,4.1,15,23.2,102.7,FALSE,FALSE
99,2003,Golden State Warriors,82,19855,38.7,87.7,0.442,5.8,17.3,0.334,32.9,70.4,0.468,19.8,27.3,0.725,13.5,34.1,47.6,22.6,7.8,5.2,16.3,22.8,103,FALSE,FALSE
100,2003,Cleveland Cavaliers,82,19855,38.9,89.9,0.433,3.3,10.5,0.314,35.6,79.4,0.448,20.3,27,0.753,14.9,34.8,49.7,24.1,7.8,7.1,16.2,23.2,101.4,FALSE,FALSE
101,2003,Atlanta Hawks,82,19905,37.6,86.7,0.433,5.6,16.6,0.335,32,70.1,0.456,20.4,26.2,0.776,13.2,33.3,46.5,21.9,8.3,5.4,17.9,24.2,101,FALSE,FALSE
102,2003,New York Knicks,82,19880,38.9,87.8,0.442,5.5,15,0.364,33.4,72.8,0.459,18.5,23.4,0.793,12.8,34.3,47.1,22.9,8.2,5.3,17.4,25.6,101.7,TRUE,FALSE
103,2003,New Orleans Pelicans,82,19830,37.7,89.7,0.42,7.2,22.6,0.319,30.4,67.1,0.454,19.7,26.3,0.751,14.8,32.8,47.7,23.3,9.6,4.7,16.7,23.3,102.3,TRUE,FALSE
104,2003,Washington Wizards,82,19830,36.2,86,0.421,5.7,16.6,0.341,30.5,69.4,0.44,20.7,29,0.714,14.6,31.4,46,20.2,9.6,5.3,18.9,22.5,98.8,FALSE,FALSE
105,2003,San Antonio Spurs,82,19755,38.7,87.6,0.442,5.6,15.5,0.358,33.2,72.1,0.46,19.2,28.2,0.681,14,36.4,50.4,22.8,9,7.3,16.4,22.7,102.2,TRUE,FALSE
106,2003,Indiana Pacers,82,19805,38.1,87.5,0.435,6.2,17.7,0.351,31.9,69.8,0.457,21.3,27.9,0.764,13.4,34,47.3,24.6,10.1,5.7,16.4,23.7,103.8,TRUE,FALSE
107,2003,Portland Trail Blazers,82,19980,40.4,90.1,0.448,5.3,15.4,0.346,35.1,74.7,0.469,17.6,24.1,0.731,14.5,33.1,47.6,24.6,8.5,6.2,16.9,21.7,103.7,FALSE,FALSE
108,2003,Miami Heat,82,19755,37.7,88.6,0.425,6.7,18.7,0.357,31,69.9,0.443,20.2,26.5,0.762,13,34,47,21.6,8.1,4.3,15.7,25,102.2,TRUE,FALSE
109,2003,Brooklyn Nets,82,19705,38.3,86.8,0.441,5.1,15.3,0.336,33.2,71.5,0.464,19,25.3,0.753,11.7,33.7,45.4,27.4,9.7,4.4,16.5,23.5,100.8,TRUE,FALSE
110,2003,Detroit Pistons,82,19780,37.9,87.2,0.435,4.6,13.4,0.344,33.3,73.8,0.452,21.6,28.6,0.753,14,34.4,48.4,23.5,9.1,7.9,17.1,23,102,TRUE,TRUE
111,2003,Houston Rockets,82,19930,37.5,84.9,0.442,7.1,19.3,0.366,30.5,65.7,0.464,18.8,24.3,0.773,11.6,36.3,47.9,21.7,7.7,6.1,18.8,24.2,100.9,TRUE,FALSE
112,2003,Chicago Bulls,82,19830,36.7,88.7,0.414,5.6,16.5,0.342,31.1,72.2,0.431,17.5,24.1,0.725,13.8,33.1,46.8,23.5,8.7,5.2,17.3,25.1,96.6,FALSE,FALSE
113,2003,Utah Jazz,82,19780,37.7,86.5,0.436,3.5,11,0.321,34.2,75.5,0.453,23,30.8,0.746,15.5,31.8,47.3,23.4,8.2,6.9,19.1,29.4,101.9,FALSE,FALSE
114,2003,Philadelphia 76ers,82,19855,36.8,86,0.428,4.7,13.6,0.342,32.2,72.3,0.445,20.8,27.6,0.753,12.9,33.1,46,22.5,9,4.9,17.9,23.4,99.1,FALSE,FALSE
115,2003,Toronto Raptors,82,19980,36.7,87.9,0.418,6.4,17.9,0.356,30.4,70,0.434,17.1,22.8,0.75,11.5,33.5,45,21.8,8.4,5.6,16.1,24.2,97,FALSE,FALSE
116,2004,Phoenix Suns,82,19780,42.4,88.8,0.477,10.1,25.6,0.393,32.3,63.1,0.512,19.7,26.3,0.748,12.2,33.5,45.8,24.4,7.2,5.7,14.2,19.8,114.5,TRUE,FALSE
117,2004,Sacramento Kings,82,19855,41.6,90.7,0.459,6.8,18.1,0.374,34.8,72.5,0.48,20.5,26,0.787,13.3,31.9,45.2,26,8.8,4.1,13.9,21.9,110.5,TRUE,FALSE
118,2004,Dallas Mavericks,82,19730,40.1,87.8,0.457,6.1,16.7,0.364,34,71.1,0.479,24,30.4,0.789,13,33.2,46.2,21.1,9.3,6,14.5,24,110.3,TRUE,FALSE
119,2004,Miami Heat,82,19980,41,84.3,0.486,6.3,16.7,0.377,34.7,67.6,0.513,21.9,32.6,0.672,11.7,34.9,46.7,23.7,7,6.3,14.9,24,110.2,TRUE,FALSE
120,2004,Boston Celtics,82,19880,39.4,84.3,0.468,5.7,16.2,0.349,33.8,68.1,0.496,23,30.1,0.764,11.8,31.6,43.3,23.4,8.6,5.5,16.8,25.9,107.5,TRUE,FALSE
121,2004,Washington Wizards,82,19780,38.6,88.4,0.437,6.7,19.5,0.343,31.9,68.9,0.463,23.3,32.2,0.725,14.7,30.9,45.6,20.3,9.3,4.5,15.2,23.5,107.2,TRUE,FALSE
122,2004,Toronto Raptors,82,19805,38.6,87,0.444,8.5,22,0.385,30.1,65,0.463,21.3,27.5,0.774,11,32,43,21.8,8.1,4.1,14.2,24.5,106.9,FALSE,FALSE
123,2004,Denver Nuggets,82,19755,39.5,85.9,0.459,4.2,12.2,0.34,35.3,73.7,0.479,22.9,30,0.763,12.6,32.1,44.7,25.4,9.7,6.4,15.9,24.4,106,TRUE,FALSE
124,2004,Orlando Magic,82,19705,39,85.9,0.454,4.1,11.8,0.349,34.9,74.1,0.471,22.8,30,0.759,13.3,32.7,46.1,20.4,8.1,5.7,17,24.9,104.9,FALSE,FALSE
125,2004,Philadelphia 76ers,82,19855,37.5,85.8,0.437,6.4,18.5,0.348,31.1,67.3,0.462,22,27.9,0.789,11.6,32.3,43.9,21.8,9.6,4.1,16.2,23.9,103.5,TRUE,FALSE
126,2004,Oklahoma City Thunder,82,19755,39.8,89.8,0.444,9.2,25.2,0.365,30.6,64.6,0.474,23.3,29.5,0.79,14.4,31.9,46.3,20.6,7.6,4.7,15.4,26.9,112.2,TRUE,FALSE
127,2004,Los Angeles Lakers,82,19780,38.7,88.6,0.437,8.6,24.2,0.355,30.1,64.3,0.467,22.2,28.5,0.777,13.7,33.5,47.3,22.3,6.8,4.6,15.7,24,108.1,FALSE,FALSE
128,2004,Golden State Warriors,82,19905,39.2,91,0.43,8.1,22.9,0.352,31.1,68.1,0.457,18.3,25.3,0.722,13.8,31.5,45.3,23.4,8.3,5.4,14.4,23.7,104.7,FALSE,FALSE
129,2004,New York Knicks,82,19880,39.7,87.9,0.451,5.9,16.5,0.356,33.8,71.4,0.473,21,27.4,0.767,12.8,31.9,44.7,22.2,8.4,3.5,16,25.9,106.2,FALSE,FALSE
130,2004,Milwaukee Bucks,82,19780,39.6,87.9,0.45,4.3,12.4,0.351,35.3,75.6,0.467,23,29.8,0.772,13.2,32.1,45.3,23,7.1,3.9,15.1,24,106.6,FALSE,FALSE
131,2004,Minnesota Timberwolves,82,19755,41.5,90.4,0.459,5.4,15.6,0.345,36.1,74.8,0.483,19.8,24.8,0.796,12.9,35.2,48.1,26.2,6.3,6.1,14.7,24.2,108.2,FALSE,FALSE
132,2004,Cleveland Cavaliers,82,19855,40.3,90.1,0.447,4,12.2,0.332,36.2,77.9,0.465,22,29.3,0.752,15,31.7,46.7,24.9,8.8,6.2,15.4,24.9,106.6,FALSE,FALSE
133,2004,San Antonio Spurs,82,19805,39.8,87.9,0.453,6.9,19,0.363,32.9,68.9,0.478,20.9,28.9,0.724,13.5,33.9,47.4,24.1,8.4,7.4,15.3,23.4,107.5,TRUE,TRUE
134,2004,Los Angeles Clippers,82,20030,39.3,85.6,0.459,3.1,9,0.345,36.2,76.6,0.473,23.8,30.6,0.778,13.2,33,46.2,25.6,8.1,5.7,17.3,24.5,105.5,FALSE,FALSE
135,2004,Houston Rockets,82,19855,38.8,87.4,0.443,7.5,20.7,0.364,31.2,66.7,0.468,21.1,27,0.781,11.9,35.4,47.3,23.6,7.7,5.1,15.5,24.6,106.2,TRUE,FALSE
136,2004,Chicago Bulls,82,19830,37.3,86.3,0.432,6.7,18.8,0.357,30.6,67.5,0.453,20.1,26.8,0.75,13.1,33.9,47,22.8,7.5,4.8,17.9,26.6,101.4,TRUE,FALSE
137,2004,Charlotte Hornets,82,19880,38.7,89.7,0.432,4.2,11.5,0.363,34.6,78.2,0.442,19.5,27.4,0.709,14.2,30.6,44.7,23.5,9.1,5.8,15.6,24.8,101.1,FALSE,FALSE
138,2004,Memphis Grizzlies,82,19705,38.6,86.3,0.447,7.3,20.5,0.357,31.3,65.9,0.475,21,27.9,0.754,12.2,31.8,44,23.6,9.6,6.6,16.5,26.3,105.5,TRUE,FALSE
139,2004,Detroit Pistons,82,19955,39.3,88.6,0.444,5,14.5,0.345,34.3,74.1,0.463,21.9,29.7,0.739,14.5,34.6,49.1,24.7,7.9,6.9,15.6,22.6,105.6,TRUE,FALSE
140,2004,Indiana Pacers,82,19905,36.9,85.3,0.432,7.5,21.8,0.344,29.4,63.5,0.463,24.2,30.5,0.792,12,33.4,45.4,20.6,8.5,4.9,16.2,26.1,105.5,TRUE,FALSE
141,2004,Utah Jazz,82,19780,38.8,86.5,0.449,3.4,10.5,0.328,35.4,76.1,0.465,23.6,31.2,0.757,14.4,30.8,45.2,25.1,7.4,5.1,17.7,30.1,104.7,FALSE,FALSE
142,2004,Portland Trail Blazers,82,19730,39.2,87,0.451,5.7,15.7,0.362,33.5,71.3,0.471,19.1,26.3,0.725,13.1,32.6,45.7,23.3,7.9,7.4,17.7,23.1,103.2,FALSE,FALSE
143,2004,Atlanta Hawks,82,19855,38.9,88.2,0.441,4,12.9,0.312,34.9,75.4,0.463,18.7,26.4,0.711,14.5,30.9,45.4,21.3,8.3,4.5,17.4,26.6,100.6,FALSE,FALSE
144,2004,Brooklyn Nets,82,19905,37.3,86.9,0.429,5.9,16.3,0.362,31.4,70.6,0.444,21,27.6,0.763,11.6,32.3,43.9,24,8.8,4.2,15.8,26.9,101.4,TRUE,FALSE
145,2004,New Orleans Pelicans,82,19930,37.4,90.2,0.415,5.7,18.1,0.315,31.7,72.1,0.44,19.3,25.2,0.766,14,31.4,45.4,23.7,7.6,4.3,16.7,25.9,99.7,FALSE,FALSE
146,2005,Phoenix Suns,82,19955,43,90,0.479,10.5,26.3,0.399,32.5,63.6,0.511,14.9,18.5,0.806,9.8,33.3,43,27.3,6.9,5.2,13.7,21.1,111.5,TRUE,FALSE
147,2005,Oklahoma City Thunder,82,19830,40.6,88.6,0.459,8,21.5,0.371,32.6,67.1,0.487,21.8,27.8,0.785,13.4,29.5,42.9,22.4,8.2,4,16,25.5,111.1,FALSE,FALSE
148,2005,Washington Wizards,82,19830,39,87.3,0.447,6.5,18.3,0.357,32.5,69,0.471,24.8,32.7,0.757,13.6,30.7,44.3,20,8.6,4.4,15,24.3,109.3,TRUE,FALSE
149,2005,Toronto Raptors,82,19955,39.8,87.7,0.454,8,21.4,0.375,31.8,66.3,0.479,21.8,27.6,0.791,11.4,30.3,41.7,21,7,3.6,14.1,26,109.5,FALSE,FALSE
150,2005,Denver Nuggets,82,19930,39.5,85.5,0.461,4.5,13.8,0.325,35,71.7,0.487,22.1,29.6,0.744,11.6,31.9,43.4,24.6,8.9,5.9,15.6,23.9,105.5,TRUE,FALSE
151,2005,Miami Heat,82,19755,40.3,84.3,0.478,6.6,19.1,0.345,33.7,65.2,0.517,21.4,30.6,0.7,11.4,35.5,46.9,22.4,6.9,5.9,15.7,24.8,108.7,TRUE,TRUE
152,2005,Los Angeles Lakers,82,19855,39.8,87.9,0.453,7.3,21,0.349,32.4,66.8,0.486,21.5,28.9,0.745,12.9,33.1,46,23.1,8.4,4.7,15.2,25.2,108.4,TRUE,FALSE
153,2005,Philadelphia 76ers,82,19905,39,85.2,0.458,4.9,13.4,0.364,34.2,71.7,0.476,23,30.3,0.76,11.4,31.5,42.9,21.5,8.5,5.3,15.1,22.3,106,FALSE,FALSE
154,2005,Dallas Mavericks,82,19880,40.6,87.7,0.462,5.7,15.3,0.374,34.8,72.4,0.481,25,31.9,0.783,14.2,33.4,47.6,20.3,8.2,6.7,15.3,25.2,111.8,TRUE,FALSE
155,2005,Sacramento Kings,82,19830,38.9,85.6,0.454,6.5,18.5,0.351,32.4,67,0.483,22.4,28.6,0.784,11.2,32.6,43.8,24,8,3.9,15.8,22,106.7,TRUE,FALSE
156,2005,Golden State Warriors,82,19830,38.1,88,0.433,8.1,23.8,0.341,30,64.3,0.467,20.4,28.4,0.718,12.7,32.2,45,22,7.8,4.6,15,25.2,104.8,FALSE,FALSE
157,2005,Boston Celtics,82,19880,38.6,82.8,0.467,6.1,16.9,0.362,32.5,65.9,0.494,21.8,28.9,0.755,10.6,31.9,42.5,22.5,7.6,5.5,17.8,26.6,105.2,FALSE,FALSE
158,2005,Milwaukee Bucks,82,19855,39.4,87,0.453,6.7,17.7,0.38,32.7,69.3,0.472,20.7,28,0.738,12.3,32.4,44.7,23.4,7.9,3.6,15.9,25.2,106.3,TRUE,FALSE
159,2005,Chicago Bulls,82,19905,39,87.4,0.446,7.3,19.2,0.379,31.7,68.2,0.465,18.8,25.5,0.738,11.8,33.8,45.5,23.4,6.6,4.5,15.9,26.4,104,TRUE,FALSE
160,2005,Cleveland Cavaliers,82,19830,39.2,86.4,0.454,6.7,19.7,0.339,32.5,66.7,0.487,22.8,31.2,0.729,12.9,33.8,46.8,21,7.6,5.3,15.3,23.4,107.8,TRUE,FALSE
161,2005,Atlanta Hawks,82,19880,39.3,86.7,0.454,5.7,15.4,0.367,33.7,71.3,0.472,22.1,29.5,0.75,14.3,29.8,44.1,21.7,7.8,5.3,17.1,27.4,106.4,FALSE,FALSE
162,2005,Los Angeles Clippers,82,19805,39.5,85.1,0.465,3.8,11.1,0.344,35.7,74,0.483,22.4,28.3,0.791,10.9,35.7,46.7,22.6,7.1,6.6,15.7,24.7,105.3,TRUE,FALSE
163,2005,Charlotte Hornets,82,19905,38.2,88.3,0.433,5.5,16.3,0.339,32.7,72,0.454,20.6,28.2,0.729,12.8,29.3,42.1,22.2,10.6,4.6,15.1,25.3,102.5,FALSE,FALSE
164,2005,Detroit Pistons,82,19830,41.6,91.5,0.455,7.8,20.2,0.384,33.8,71.2,0.475,19.8,27.2,0.727,13.6,32.7,46.3,27.5,8.1,6.8,13,21.1,110.8,TRUE,FALSE
165,2005,New York Knicks,82,19930,37.4,82.3,0.455,4.2,11.7,0.362,33.2,70.6,0.47,24.9,34.3,0.726,13.7,31.3,45,19.5,7.4,3.6,19.2,28.6,104,FALSE,FALSE
166,2005,San Antonio Spurs,82,19805,41,86.8,0.472,7.2,18.6,0.385,33.8,68.2,0.496,18.2,25.9,0.702,11.7,34.9,46.5,23.5,7.4,6.4,15.4,23.5,107.3,TRUE,FALSE
167,2005,Orlando Magic,82,19905,39.7,84.2,0.472,4.1,10.9,0.376,35.7,73.3,0.486,22.7,31.1,0.73,12.2,32.8,45,20.4,7.3,4.9,16.9,26.1,106.3,FALSE,FALSE
168,2005,Indiana Pacers,82,19730,37.8,85.1,0.444,7.3,20.8,0.349,30.5,64.3,0.475,21.6,29.3,0.737,12.2,34.7,46.9,22.1,8.1,5.5,17,24.7,104.5,TRUE,FALSE
169,2005,Brooklyn Nets,82,19780,37.5,85.3,0.44,6.4,19.5,0.33,31.1,65.8,0.472,22.4,29.5,0.758,11.1,34.3,45.4,25.4,7.5,3.8,15.1,25.7,103.9,TRUE,FALSE
170,2005,New Orleans Pelicans,82,19805,38.6,87.6,0.44,4.1,12.1,0.339,34.5,75.5,0.457,22.5,29.6,0.758,12.5,32.4,44.9,20.7,8.3,4.2,14.9,24.3,103.7,FALSE,FALSE
171,2005,Utah Jazz,82,19880,37.7,85.3,0.442,4.3,12.7,0.336,33.4,72.6,0.461,24.4,33.9,0.719,14.7,32.7,47.4,24.4,7.2,6.8,17.7,27.9,104.1,FALSE,FALSE
172,2005,Memphis Grizzlies,82,19855,38.5,85.8,0.448,8.3,22.1,0.374,30.2,63.7,0.474,20.7,29.1,0.711,11.7,33.3,45,22.2,8.4,6.2,15.9,24.6,105.9,TRUE,FALSE
173,2005,Minnesota Timberwolves,82,19855,39.3,86.3,0.456,4.2,12.8,0.329,35.1,73.5,0.478,19.6,25.8,0.758,11,33,44,23.4,7.6,6.4,16.2,25.7,102.4,FALSE,FALSE
174,2005,Houston Rockets,82,19830,37.2,86,0.433,6.4,19.4,0.332,30.8,66.5,0.463,20.6,27.2,0.759,11.7,35.3,46.9,21.7,8.1,4.4,16.4,25.6,101.6,FALSE,FALSE
175,2005,Portland Trail Blazers,82,19730,38.7,87,0.445,5.1,14.5,0.349,33.7,72.5,0.464,18.6,27,0.689,12.3,30.6,42.9,20.7,7.3,6,16.7,25.4,101.1,FALSE,FALSE
176,2006,Phoenix Suns,82,19905,42.7,86.4,0.494,9.9,24.8,0.399,32.8,61.6,0.532,18.6,23,0.808,9.3,32.6,41.9,26.8,7,5,15,20.9,113.9,TRUE,FALSE
177,2006,Golden State Warriors,82,19755,40,86.4,0.463,8.6,24.1,0.356,31.4,62.3,0.504,18.6,25.9,0.717,11.5,30.1,41.6,23.9,9.2,5.7,16,23.7,107,TRUE,FALSE
178,2006,Denver Nuggets,82,19780,39.4,84.7,0.465,6,17.9,0.336,33.4,66.8,0.5,22.7,30.5,0.746,12.5,31.9,44.3,23.9,8.4,5.4,16.8,21.9,107.6,TRUE,FALSE
179,2006,Washington Wizards,82,19830,39.5,87.7,0.45,7.2,20.8,0.348,32.3,67,0.482,23.9,31.2,0.765,12.8,30.6,43.4,21.4,8.2,4.8,14.6,23.5,110.1,TRUE,FALSE
180,2006,Los Angeles Lakers,82,20030,39.7,85.4,0.466,7.8,22.1,0.353,32,63.3,0.505,21.3,28.5,0.747,11.3,32,43.3,23.7,7.7,5.4,16.3,24.2,108.6,FALSE,FALSE
181,2006,Memphis Grizzlies,82,19980,38.5,82.7,0.465,6.4,17.5,0.367,32.1,65.3,0.491,23.5,30.9,0.761,11.1,30.5,41.6,21.6,7.2,5.2,17.2,23.4,106.9,TRUE,FALSE
182,2006,Utah Jazz,82,19805,40.6,85.6,0.474,4.7,14,0.335,35.9,71.6,0.501,24.2,32.6,0.743,13.6,32.5,46.1,26.8,7.6,4.5,16.9,27.3,110.1,FALSE,FALSE
183,2006,Sacramento Kings,82,19805,37.6,83.5,0.45,6.8,19.3,0.35,30.8,64.2,0.48,24.2,31.6,0.765,10.2,30.6,40.8,21.3,8.6,3.4,15.3,22.9,106.2,TRUE,FALSE
184,2006,Dallas Mavericks,82,19755,40.8,87.4,0.467,7.3,19.1,0.381,33.6,68.4,0.491,22.3,27.7,0.805,12.5,34.1,46.6,22.1,7.6,5.5,15.5,24.9,111.3,FALSE,FALSE
185,2006,Milwaukee Bucks,82,19855,40.9,87.9,0.465,6.9,19.3,0.356,34,68.6,0.495,18.4,25.1,0.733,12.3,29.7,42.1,23.2,7.7,2.9,16.2,23.8,107,TRUE,FALSE
186,2006,Toronto Raptors,82,19755,39.8,85.9,0.463,7,19.2,0.363,32.8,66.7,0.492,20.5,26,0.788,9.9,32.5,42.5,23.9,7.6,4.2,14.5,21.9,107,FALSE,FALSE
187,2006,Oklahoma City Thunder,82,19830,40.2,87.4,0.46,6.9,19.1,0.362,33.2,68.2,0.487,19.9,25.2,0.791,12.2,30.6,42.8,22.3,8.3,4,16.7,23.7,107.2,TRUE,FALSE
188,2006,Chicago Bulls,82,19780,39.5,86.3,0.457,6.2,16,0.388,33.2,70.3,0.473,19.8,27,0.734,12.7,33.6,46.4,23.7,8.3,5.8,17,24.7,104.9,TRUE,FALSE
189,2006,San Antonio Spurs,82,19780,40.5,85.5,0.474,8,21.1,0.381,32.5,64.4,0.504,20.1,26.8,0.751,10.3,34.8,45.1,24.5,7.9,5.6,15.4,21.5,109.2,TRUE,TRUE
190,2006,Brooklyn Nets,82,19880,38.5,84.3,0.457,8,22.1,0.363,30.4,62.1,0.49,20.7,28.5,0.727,10.9,33.4,44.2,25.9,6.6,3.6,16,24.7,105.7,TRUE,FALSE
191,2006,New York Knicks,82,20005,38.4,84,0.457,6.3,18.1,0.346,32.1,65.9,0.487,22.7,31.7,0.715,13.6,33.3,46.9,20.3,7.2,3.4,18.6,25.5,105.7,FALSE,FALSE
192,2006,Houston Rockets,82,19855,38.7,87,0.445,9.4,25.2,0.372,29.3,61.8,0.475,19.1,25.4,0.753,11.7,35.6,47.3,22.7,7.8,4.5,15.5,22.8,106,TRUE,FALSE
193,2006,Charlotte Hornets,82,20005,38.6,86.6,0.446,6,16.7,0.357,32.6,69.9,0.467,20.4,27.8,0.734,12,30.6,42.6,23.9,8.3,4.8,16,25.9,103.6,FALSE,FALSE
194,2006,Cleveland Cavaliers,82,19880,39.6,88.5,0.447,6.6,18.7,0.352,33,69.9,0.473,19.7,28.4,0.696,13.8,33.6,47.4,22.7,8.3,4.7,15.6,23.7,105.5,TRUE,FALSE
195,2006,Minnesota Timberwolves,82,20005,39.5,85.8,0.461,5.1,14.4,0.353,34.5,71.4,0.483,19.8,25,0.792,10.8,32.6,43.4,24.4,7,4.3,16.9,23.2,103.9,FALSE,FALSE
196,2006,Detroit Pistons,82,19880,40.7,89.7,0.454,6.2,18.1,0.344,34.5,71.6,0.481,21.3,27.5,0.774,13.1,32.8,46,24.5,8.1,6.5,13.8,23.1,108.9,TRUE,FALSE
197,2006,Boston Celtics,82,19855,37.5,84.8,0.443,6.2,16.9,0.367,31.4,67.9,0.462,21.9,28.6,0.767,12.1,31.4,43.5,21.4,7.7,5,17.7,25.9,103.2,FALSE,FALSE
198,2006,Los Angeles Clippers,82,19730,38.6,84.7,0.456,4.2,12.1,0.348,34.4,72.6,0.474,23.7,30.1,0.788,11.9,33.3,45.2,23.6,8,6.3,16.6,24.9,105.1,FALSE,FALSE
199,2006,Indiana Pacers,82,19780,37.7,86.1,0.438,6.3,18.2,0.346,31.4,67.9,0.462,21.2,27.9,0.76,13,32,45,22,7.9,5.9,17.5,25.1,102.9,FALSE,FALSE
200,2006,New Orleans Pelicans,82,19880,39.8,89.3,0.445,6.1,16.8,0.362,33.7,72.5,0.464,19.2,26,0.74,13.7,33.6,47.3,20.6,7,4.6,15.9,21.7,104.8,FALSE,FALSE
201,2006,Philadelphia 76ers,82,19880,39,85.3,0.458,3.8,11,0.345,35.2,74.3,0.474,21.8,28.4,0.767,12,31.3,43.3,22.2,7.9,5.2,16.7,22.2,103.6,FALSE,FALSE
202,2006,Orlando Magic,82,19780,38.8,82.2,0.472,4.6,13,0.356,34.2,69.2,0.494,22.7,32.3,0.702,12.4,32.7,45.1,20.6,7.6,5.6,18.8,25.7,104.9,TRUE,FALSE
203,2006,Miami Heat,82,19855,39.2,84.5,0.464,7.1,20.7,0.343,32.1,63.8,0.503,18.7,27.1,0.69,11,33.9,44.9,22.6,7.6,5.9,16.1,23.5,104.3,TRUE,FALSE
204,2006,Portland Trail Blazers,82,19955,39.1,87,0.45,5.8,16.8,0.346,33.3,70.3,0.474,21,27.3,0.769,12.6,31.3,43.9,20.6,7.6,5.2,16.8,26.3,105.1,FALSE,FALSE
205,2006,Atlanta Hawks,82,19880,38,85.5,0.444,4.6,13.9,0.329,33.4,71.6,0.467,22.5,29.6,0.761,13.1,31,44.1,21.1,8.2,6,17.5,26.4,103,FALSE,FALSE
206,2007,Golden State Warriors,82,19780,41.8,90.9,0.459,9.3,26.8,0.348,32.4,64.1,0.506,18.9,25.1,0.752,12.8,30.6,43.5,22.5,9.1,4.6,13.3,23,111.8,FALSE,FALSE
207,2007,Denver Nuggets,82,19855,40.1,85.3,0.47,6.9,19.4,0.355,33.2,65.8,0.504,22.9,30.5,0.751,11.1,32.7,43.8,24.5,9.1,6.7,14.6,21,110,TRUE,FALSE
208,2007,Phoenix Suns,82,19780,42.6,85.1,0.5,8.7,22.1,0.393,33.9,63,0.538,19.4,24.8,0.783,9,33.7,42.7,27.5,6.7,6.5,14.9,20.5,113.3,TRUE,FALSE
209,2007,Los Angeles Lakers,82,19780,41.2,86.5,0.476,8.4,22.2,0.378,32.8,64.3,0.51,22.2,28.8,0.769,11.4,34.6,45.9,25.4,8.3,5.6,14.7,21.5,113,TRUE,FALSE
210,2007,Utah Jazz,82,19705,42.9,86.1,0.497,5.3,14.3,0.372,37.5,71.8,0.522,22.8,30,0.759,12.3,31.5,43.8,28.3,9.4,4.6,15.7,25.7,113.8,TRUE,FALSE
211,2007,Orlando Magic,82,19780,39.7,83.8,0.474,10.4,27,0.386,29.3,56.8,0.516,21.4,29.7,0.721,10,34.8,44.8,22.2,6.8,4.3,15.2,21.9,111.3,TRUE,FALSE
212,2007,Indiana Pacers,82,19755,38.6,87,0.444,9.4,25.1,0.374,29.2,61.8,0.472,19.5,25.4,0.768,11.2,32.7,44,23.2,7.7,5.1,15.4,23.9,106,FALSE,FALSE
213,2007,Sacramento Kings,82,19830,38.9,83.8,0.464,6.5,17.5,0.373,32.4,66.4,0.488,23.2,29,0.798,10.6,31.4,42,20,8.3,4.3,16.8,23.5,107.5,FALSE,FALSE
214,2007,New Orleans Pelicans,82,19805,42.7,91.6,0.466,8.5,21.9,0.389,34.2,69.8,0.49,17.7,23,0.769,12.6,33.6,46.3,24.1,8.6,4.3,13.1,20.6,111.5,TRUE,FALSE
215,2007,Memphis Grizzlies,82,19805,38.9,85.7,0.454,7.9,22.6,0.349,31,63,0.492,19.3,26.7,0.723,10.8,32.6,43.4,20,6.4,4.9,15.9,20.2,105,FALSE,FALSE
216,2007,Boston Celtics,82,19755,39.9,84,0.475,8,20.9,0.381,31.9,63.1,0.506,22.4,29.1,0.771,11.1,34.9,46,24.5,9.3,5.1,16.6,24.9,110.2,TRUE,TRUE
217,2007,Dallas Mavericks,82,19730,40.8,87.9,0.464,6.7,18.9,0.352,34.1,69,0.495,22.8,28,0.814,11.9,35.7,47.6,23.2,6.6,5.4,14,24.1,111.1,TRUE,FALSE
218,2007,Toronto Raptors,82,19830,42.2,90.2,0.468,7.7,19.6,0.392,34.6,70.6,0.489,18.1,22.2,0.812,10.6,33.5,44.1,26.2,7.6,4.5,12.9,21.4,110.2,TRUE,FALSE
219,2007,Washington Wizards,82,19905,40.2,90.2,0.446,7.8,21.8,0.356,32.5,68.5,0.475,21,26.8,0.782,13.6,32.4,46,21.7,8.5,5.3,14.6,21.6,109.2,TRUE,FALSE
220,2007,Atlanta Hawks,82,19855,39.5,87,0.454,5.1,14.3,0.356,34.4,72.7,0.473,22.8,29.6,0.772,13.4,32.6,46,23.9,8,5.9,16.2,22.2,106.9,TRUE,FALSE
221,2007,Oklahoma City Thunder,82,19830,39.3,88.3,0.444,3.9,11.8,0.333,35.3,76.5,0.462,18,23.4,0.77,12.2,33.8,46,22,6.7,5,16.5,21.1,100.5,FALSE,FALSE
222,2007,Detroit Pistons,82,19730,41.8,91.3,0.458,6.8,18.5,0.366,35,72.7,0.481,21,27.4,0.767,13.6,33.8,47.3,25.5,8.1,6.6,13.3,23.5,111.4,TRUE,FALSE
223,2007,Chicago Bulls,82,19805,38.9,89.4,0.435,6.2,17,0.363,32.7,72.4,0.452,20,26.4,0.756,13.7,32.3,45.9,23.6,8.3,5.6,15.6,23.2,103.9,FALSE,FALSE
224,2007,Charlotte Hornets,82,19880,38.9,86.2,0.452,7,19,0.367,32,67.2,0.476,19.9,27.8,0.714,11.7,32.1,43.8,23,8.1,5.3,15.8,23.4,104.6,FALSE,FALSE
225,2007,Milwaukee Bucks,82,19855,40,89.3,0.449,6,17.4,0.344,34.1,71.9,0.474,19.2,26.2,0.733,14,31.3,45.2,23.3,7.2,4.8,16,23.1,105.3,FALSE,FALSE
226,2007,New York Knicks,82,19880,39.1,89,0.439,6.5,19.2,0.337,32.6,69.9,0.467,20.1,27.6,0.727,13.6,32.4,45.9,20.2,6.9,2.8,15.6,23.2,104.7,FALSE,FALSE
227,2007,Houston Rockets,82,19730,40.4,90.2,0.448,7.8,23,0.342,32.6,67.2,0.485,18.1,24.9,0.726,13.5,35.8,49.3,23.7,8.1,5.7,15.1,21.7,106.8,TRUE,FALSE
228,2007,Philadelphia 76ers,82,19755,41.1,89.3,0.46,4.1,12.8,0.317,37,76.5,0.483,20.3,28.7,0.706,14.3,31.8,46.2,22.5,9.6,5.4,15.7,21.8,106.4,TRUE,FALSE
229,2007,Cleveland Cavaliers,82,19855,39.4,89.8,0.439,7.4,20.7,0.358,32,69.1,0.463,19.8,27.6,0.717,14.6,34.4,49,22,7.8,5.7,15.4,23,106,TRUE,FALSE
230,2007,Brooklyn Nets,82,19830,37.8,85.3,0.443,6.6,18.9,0.348,31.2,66.4,0.47,21.8,29.6,0.736,12.1,33.3,45.4,25.5,6.9,5.2,16.3,24.5,104,FALSE,FALSE
231,2007,Minnesota Timberwolves,82,19730,40.7,90.3,0.451,5.8,16.7,0.35,34.9,73.6,0.474,16.5,22.4,0.736,12.8,32.1,44.9,21.6,8.2,4.1,15.7,25,103.8,FALSE,FALSE
232,2007,Portland Trail Blazers,82,19905,40.3,89.8,0.448,7.4,19.6,0.377,32.9,70.2,0.468,19.4,25.3,0.767,12.4,33.4,45.8,23.8,6.2,4.9,14.5,22.5,107.3,FALSE,FALSE
233,2007,San Antonio Spurs,82,19730,40.3,88,0.457,8.1,22.1,0.369,32.1,66,0.487,18.5,24.3,0.761,10.6,35.8,46.4,23.5,7.1,4.6,14.2,21.1,107.2,TRUE,FALSE
234,2007,Los Angeles Clippers,82,19805,37.1,84.8,0.438,4.6,14.2,0.324,32.5,70.6,0.46,22.4,28.7,0.781,10.5,32.8,43.3,22.8,7.3,5.2,15.5,23,101.2,FALSE,FALSE
235,2007,Miami Heat,82,19830,37.7,85,0.443,6.6,18.4,0.358,31.1,66.6,0.467,18.6,25.5,0.727,10,31.4,41.4,22,7.9,4.8,16.1,22.4,100.5,FALSE,FALSE
236,2008,Phoenix Suns,82,19755,42.7,84.7,0.504,7,18.3,0.383,35.7,66.5,0.537,21.2,28.5,0.744,11.4,31.9,43.3,24.1,7.5,5.3,16.3,21.4,113.6,FALSE,FALSE
237,2008,Golden State Warriors,82,19880,39.7,86.8,0.458,6.8,18.1,0.373,33,68.6,0.48,23.3,29.4,0.791,11.7,30.6,42.4,21,7.8,6.5,14.8,22.7,109.5,FALSE,FALSE
238,2008,Los Angeles Lakers,82,19780,42.6,89.8,0.474,7,19.5,0.361,35.5,70.3,0.505,20.7,26.9,0.77,13.1,33.3,46.3,24.5,9.2,5.4,14.2,21.8,112.8,TRUE,TRUE
239,2008,New York Knicks,82,19805,39.6,88.9,0.445,10.3,28.6,0.36,29.3,60.2,0.486,18.7,23.8,0.784,11.4,31.9,43.3,21.8,7.6,2.6,14.7,21,108.1,FALSE,FALSE
240,2008,Indiana Pacers,82,19830,40.4,88.8,0.455,8.2,21.6,0.378,32.2,67.2,0.48,19.1,23.7,0.807,11.6,33.4,45,22.3,7.2,5.4,14.9,23.8,108.1,FALSE,FALSE
241,2008,Denver Nuggets,82,19730,39.5,84,0.47,7.1,19.1,0.371,32.4,64.9,0.499,24.4,32.1,0.76,11.7,32.4,44,23.5,9.2,6.3,16.2,24.2,110.4,TRUE,FALSE
242,2008,Utah Jazz,82,19880,40.7,85.8,0.475,5.1,14.5,0.349,35.7,71.3,0.5,23.5,30.5,0.771,12.2,31.4,43.6,26.2,9.3,4.8,15.7,23.7,110.1,TRUE,FALSE
243,2008,Chicago Bulls,82,19930,40.4,88.6,0.457,6.4,16.7,0.381,34.1,71.9,0.474,21.1,26.6,0.796,12.6,32.1,44.7,22.4,8,5.9,15.4,22.1,108.4,TRUE,FALSE
244,2008,Dallas Mavericks,82,19805,41.4,89.7,0.462,7.6,21.6,0.35,33.9,68.1,0.498,20.1,24.5,0.819,12,34.4,46.4,23.6,7.8,5.7,13.8,21.2,110.5,TRUE,FALSE
245,2008,Orlando Magic,82,19730,38.6,84.5,0.457,10.8,28.3,0.381,27.8,56.2,0.495,21.2,29.7,0.715,10.8,35.9,46.7,21,7.5,5.8,15,21.9,109.2,TRUE,FALSE
246,2008,Boston Celtics,82,19880,41.1,84.6,0.486,7.2,18.1,0.397,33.9,66.5,0.51,21.2,27.7,0.765,11.6,34.5,46.1,24.9,8.3,5.2,17.1,25.3,110.5,TRUE,FALSE
247,2008,Sacramento Kings,82,19905,38.3,85.5,0.447,7.5,20.4,0.368,30.8,65.1,0.472,21.5,27,0.798,10.7,30.3,41,20.7,7.3,4.5,16.2,24.4,105.5,FALSE,FALSE
248,2008,Cleveland Cavaliers,82,19780,41.3,88.3,0.468,9,22.8,0.393,32.4,65.4,0.495,20.8,27.5,0.757,12.1,35.2,47.3,22.7,8.1,5.9,14.3,22.7,112.4,TRUE,FALSE
249,2008,Portland Trail Blazers,82,19830,42.2,90.7,0.465,8.3,21.7,0.383,33.8,69,0.49,21.2,27.8,0.765,14.8,33,47.8,23.3,7.7,5.6,14.7,23.3,113.9,TRUE,FALSE
250,2008,Milwaukee Bucks,82,19780,39.4,88.5,0.445,6.7,18.5,0.363,32.7,70.1,0.467,21.1,27.1,0.78,12.8,31,43.8,23.6,8,4,15.1,26,106.7,FALSE,FALSE
251,2008,Toronto Raptors,82,19805,40.2,87.9,0.458,6.3,17,0.372,33.9,70.9,0.478,20.2,24.5,0.824,10.6,33.1,43.7,24.2,6.9,5.1,14.5,21,107,FALSE,FALSE
252,2008,Houston Rockets,82,19805,39.8,87.7,0.453,8.3,22.2,0.375,31.4,65.4,0.48,20.6,25.6,0.805,11.6,35.8,47.3,22.3,7.4,4.8,15.6,20.9,108.4,TRUE,FALSE
253,2008,Miami Heat,82,19955,40.6,88.9,0.457,7.8,21.8,0.357,32.8,67.1,0.489,18.9,25,0.754,11.1,32.3,43.3,22.4,8.7,6,13.7,22.7,107.8,TRUE,FALSE
254,2008,Atlanta Hawks,82,19705,40.2,87.7,0.458,8.1,22.2,0.366,32.1,65.5,0.49,20.9,28.3,0.737,11.8,32.8,44.6,22.5,8.2,5.1,14.2,21.9,109.3,TRUE,FALSE
255,2008,Brooklyn Nets,82,19830,39.4,88,0.448,8.8,23.4,0.376,30.6,64.6,0.473,20.8,26.7,0.779,11.4,32.5,44,22,7.5,5.3,14.5,24.7,108.3,FALSE,FALSE
256,2008,Minnesota Timberwolves,82,19805,39.5,89.5,0.441,7.2,20.4,0.353,32.3,69.2,0.467,19.9,25.9,0.769,12.9,32.3,45.2,22.1,6.8,4.3,15.4,23.6,106.1,FALSE,FALSE
257,2008,Philadelphia 76ers,82,19755,40.5,88.2,0.459,4.6,14.5,0.318,35.9,73.7,0.486,22.3,29.9,0.745,14,31.5,45.6,22.2,8.9,5.6,15.6,22.3,107.9,TRUE,FALSE
258,2008,San Antonio Spurs,82,19905,41.5,89.1,0.466,8.5,22.1,0.386,33,67,0.492,17,22.4,0.761,9.9,36,45.9,23.7,6.5,4.5,13.1,21.1,108.5,TRUE,FALSE
259,2008,Oklahoma City Thunder,82,19805,38.8,86.9,0.447,4.2,12.3,0.346,34.6,74.7,0.463,21,26.8,0.786,12.9,32.3,45.3,21.5,7.9,4.8,17.2,21.4,102.9,FALSE,FALSE
260,2008,Washington Wizards,82,19705,40.1,89.1,0.45,5.3,16,0.33,34.8,73,0.476,20,26.1,0.767,12.8,31.2,44,22,8.3,4.9,15.3,22.5,105.4,FALSE,FALSE
261,2008,New Orleans Pelicans,82,19755,40.3,88.1,0.457,7.7,21.1,0.364,32.6,67,0.487,20.5,25.4,0.807,11.1,33.9,45,22.3,8.2,4.7,14.2,23,108.7,TRUE,FALSE
262,2008,Los Angeles Clippers,82,19880,38.7,87.8,0.441,7,19.8,0.354,31.7,68,0.467,17.8,24.1,0.736,11.7,31.2,42.8,22.6,7.5,6.3,16,21.6,102.3,FALSE,FALSE
263,2008,Detroit Pistons,82,19905,41.4,91.2,0.454,5.2,15,0.349,36.2,76.2,0.475,19.3,25.7,0.751,13.2,34,47.2,23.5,6.9,5.2,13.5,23.8,107.4,TRUE,FALSE
264,2008,Memphis Grizzlies,82,19805,38.5,84.8,0.454,5.4,14.9,0.36,33.2,70,0.474,21.1,27.9,0.756,11.4,31.4,42.8,19.1,8.3,5.2,16.8,23.9,103.5,FALSE,FALSE
265,2008,Charlotte Hornets,82,19930,39.1,85.9,0.455,6.7,18.3,0.366,32.4,67.6,0.479,19.8,26.8,0.74,12.1,32.3,44.3,23.7,7.9,5.4,17.4,23.9,104.7,FALSE,FALSE
266,2009,Phoenix Suns,82,19730,42.6,86.6,0.492,9.3,22.6,0.412,33.3,64,0.52,20.8,27,0.77,11.6,33.4,45,24.4,6.1,5.3,15.4,21.9,115.3,TRUE,FALSE
267,2009,Golden State Warriors,82,19730,40.4,86,0.469,7.7,20.4,0.375,32.7,65.5,0.499,19.8,25.3,0.782,9.1,29.1,38.2,22.3,9.2,4.1,14.6,22.9,108.1,FALSE,FALSE
268,2009,Denver Nuggets,82,19780,40,85.5,0.468,7,19.4,0.359,33,66.1,0.5,24.8,32.1,0.772,11.4,32.1,43.5,22,8.7,5.3,14.5,23.6,111.8,TRUE,FALSE
269,2009,Utah Jazz,82,19755,41.8,85.1,0.491,5.7,15.6,0.364,36.1,69.5,0.519,21.4,28.9,0.741,11.3,33.5,44.8,28.3,8.7,5.2,16.1,24.1,110.7,TRUE,FALSE
270,2009,Toronto Raptors,82,19780,41.7,86.5,0.482,6.8,18.2,0.371,35,68.2,0.512,21.1,27.6,0.764,10.5,32.7,43.2,23.5,6.1,5,14.3,23.7,111.3,FALSE,FALSE
271,2009,Orlando Magic,82,19730,39.7,84.5,0.47,11.1,29.6,0.375,28.6,54.9,0.521,20.8,28.8,0.724,10.7,36.2,46.9,21.3,6.8,6,15.3,21.5,111.4,TRUE,FALSE
272,2009,Memphis Grizzlies,82,19905,41.5,88.6,0.469,4.4,13.1,0.337,37.1,75.5,0.492,20.8,28.4,0.733,13.8,32.2,46,19.9,8.3,5.1,16.1,21.3,108.3,FALSE,FALSE
273,2009,Houston Rockets,82,19905,39.7,88.8,0.447,8.3,23.6,0.351,31.4,65.2,0.481,20,25.9,0.772,12.4,31.7,44.1,22.9,7.5,4.1,15.2,21.9,107.6,FALSE,FALSE
274,2009,New York Knicks,82,19880,40.2,88.3,0.455,9.5,27.6,0.346,30.6,60.8,0.504,17.7,22.6,0.782,10.7,31.8,42.6,22.8,7.5,3.9,14.7,21,107.6,FALSE,FALSE
275,2009,Cleveland Cavaliers,82,19780,41.2,84.9,0.485,8,21,0.381,33.2,63.9,0.52,20.8,29,0.72,10.5,35.8,46.3,24.4,7.5,5.6,15.1,21.1,111.2,TRUE,FALSE
276,2009,Dallas Mavericks,82,19880,41,88.2,0.464,7.3,19.6,0.372,33.7,68.7,0.491,19.9,24.4,0.816,10.9,33.8,44.6,25,8.1,5.9,13.8,20.4,109.2,TRUE,FALSE
277,2009,Los Angeles Lakers,82,19830,41,89.7,0.457,6.9,20.4,0.341,34.1,69.3,0.492,19.8,25.9,0.765,12.7,34.7,47.4,22.6,8,5.2,14.3,20.8,108.8,TRUE,TRUE
278,2009,Atlanta Hawks,82,19855,42.7,91.2,0.468,7,19.5,0.36,35.6,71.7,0.497,19.5,25.7,0.759,13,32.9,45.9,24,7.9,5.5,13.1,21.9,111.9,TRUE,FALSE
279,2009,Oklahoma City Thunder,82,19805,39.9,86.3,0.462,5.4,16,0.34,34.4,70.3,0.49,23.1,28.8,0.805,12.5,33.9,46.4,21.3,8.5,6.3,16,22.7,108.3,TRUE,FALSE
280,2009,San Antonio Spurs,82,19780,41.7,88.1,0.473,7.3,20.5,0.358,34.4,67.7,0.508,19.3,26.1,0.74,11.7,34.7,46.4,24.2,6.8,5,14.8,22.1,110,TRUE,FALSE
281,2009,Indiana Pacers,82,19705,37.9,85.6,0.443,8.3,23.8,0.348,29.6,61.8,0.479,19.6,25.3,0.775,9.9,32.9,42.7,21.7,7.3,5.5,15.5,23.2,103.7,FALSE,FALSE
282,2009,New Orleans Pelicans,82,19830,41.5,89.4,0.464,7.5,20.5,0.363,34.1,68.9,0.495,16.9,21.7,0.778,11.1,32,43.1,23.9,8.2,3.9,14.4,21,107.4,FALSE,FALSE
283,2009,Sacramento Kings,82,19880,40.4,88.6,0.456,6.2,17.8,0.349,34.2,70.8,0.483,18.4,25.3,0.726,12.5,32.3,44.9,21.6,7.2,4.7,15.7,23.5,105.3,FALSE,FALSE
284,2009,Boston Celtics,82,19780,40.2,83.3,0.483,6.6,19,0.348,33.6,64.4,0.523,20.6,27.7,0.746,9.5,32.4,41.9,25.6,9.3,5.3,16.1,24,107.7,TRUE,FALSE
285,2009,Minnesota Timberwolves,82,19780,39.2,87.4,0.449,5.1,14.9,0.341,34.1,72.5,0.471,18.1,24.3,0.746,12.1,32.3,44.4,20.5,7.5,3.9,16.8,21.5,101.7,FALSE,FALSE
286,2009,Portland Trail Blazers,82,19855,41,88.9,0.461,6.8,19.1,0.354,34.2,69.8,0.49,22.1,28,0.79,12.6,32.8,45.4,23.1,7.2,4.8,13.9,23.6,110.8,TRUE,FALSE
287,2009,Philadelphia 76ers,82,19805,40.9,88.7,0.46,6.3,18.3,0.343,34.6,70.5,0.491,18.1,23.9,0.756,12.5,32,44.5,22.8,8.8,5.8,15.8,22.2,106.1,FALSE,FALSE
288,2009,Milwaukee Bucks,82,19980,40,91.7,0.436,8.5,23.8,0.356,31.5,67.9,0.464,16.6,21.9,0.755,12.6,33.5,46.2,22.8,7.6,5,14.2,23.9,104.9,TRUE,FALSE
289,2009,Chicago Bulls,82,19905,39.9,88.4,0.451,4.6,13.8,0.33,35.3,74.6,0.474,19.2,25.4,0.754,12.1,35.2,47.3,22.1,6.9,6.2,15.2,21.3,103.5,TRUE,FALSE
290,2009,Miami Heat,82,19880,40.2,87.8,0.458,6.7,19.2,0.346,33.5,68.6,0.489,19.6,26,0.752,11.8,34.4,46.2,20.9,8.2,6.2,14.5,23,106.6,TRUE,FALSE
291,2009,Washington Wizards,82,19830,39.7,88.5,0.449,5.7,16.2,0.353,34,72.3,0.471,19.1,25,0.762,12.8,32.5,45.2,20.6,6.5,5.6,16.1,23.1,104.2,FALSE,FALSE
292,2009,Los Angeles Clippers,82,19705,39.5,86.8,0.455,6.4,19.2,0.332,33.1,67.7,0.49,17.9,24.6,0.73,12.2,32.9,45.1,23.8,7,6.1,16.9,20.8,103.3,FALSE,FALSE
293,2009,Charlotte Hornets,82,19880,38.2,84.3,0.453,6.1,17.8,0.346,32,66.5,0.482,21.9,29.1,0.751,11.5,33.3,44.7,22.2,8.4,6,17.2,21.3,104.4,TRUE,FALSE
294,2009,Detroit Pistons,82,19780,40.3,90.5,0.445,5.1,16.3,0.314,35.2,74.2,0.474,19.9,27.4,0.728,14.4,30.7,45.2,21.8,8.2,4.3,15.1,25,105.6,FALSE,FALSE
295,2009,Brooklyn Nets,82,19780,37.4,87,0.429,5,15.7,0.318,32.4,71.3,0.454,20.9,26.8,0.78,11.9,31.3,43.2,20.5,7.6,5.2,15.7,21.8,100.6,FALSE,FALSE
296,2010,Denver Nuggets,82,19705,40.1,84.3,0.476,8.4,21.7,0.388,31.6,62.6,0.506,23.7,31,0.765,10.1,33.8,43.9,23.1,7.7,4.5,14.7,21.9,112.3,TRUE,FALSE
297,2010,New York Knicks,82,19780,39.9,87.2,0.457,9.7,26.4,0.368,30.2,60.8,0.496,21.4,26.5,0.809,10.8,31.4,42.1,22.3,7.9,6,14.3,22.1,110.9,TRUE,FALSE
298,2010,Houston Rockets,82,19880,40.6,89.4,0.454,8.7,23.6,0.367,31.9,65.8,0.486,21.4,26.7,0.801,12.3,32.7,45,25.1,7.4,4.8,14.2,21,111.3,FALSE,FALSE
299,2010,Phoenix Suns,82,20005,40.9,87,0.47,8.9,23.6,0.377,32,63.4,0.505,18.7,24.6,0.759,10.4,31.5,41.9,24.7,6.9,4.5,14.9,21.2,109.5,FALSE,FALSE
300,2010,Oklahoma City Thunder,82,20005,39.7,85.5,0.464,6.3,18.2,0.347,33.4,67.4,0.495,25.6,31.1,0.823,11.7,33.7,45.4,21.6,8.5,6.3,15,23.8,111.2,TRUE,FALSE
301,2010,San Antonio Spurs,82,19780,41.4,87.1,0.475,9,22.7,0.397,32.4,64.4,0.503,20,26.1,0.767,10.9,34.2,45.1,24.1,7.9,4.9,14.5,20.5,111.8,TRUE,FALSE
302,2010,Golden State Warriors,82,19830,41.5,90,0.461,8.7,22.3,0.392,32.8,67.6,0.484,16.5,21.6,0.761,12.2,30.3,42.4,23.6,9.4,5.2,15.3,23.1,108.2,FALSE,FALSE
303,2010,Miami Heat,82,19780,40.5,84.1,0.481,7.3,19.7,0.37,33.2,64.4,0.515,23.5,30.5,0.769,10.5,35.6,46.1,21.9,7.3,5.7,15.2,22.3,111.7,TRUE,FALSE
304,2010,Los Angeles Lakers,82,19830,41.7,90.1,0.463,7,19.8,0.352,34.7,70.3,0.494,20.6,26.4,0.779,13.2,34.9,48.1,24,8,5.6,14.3,20.7,111,TRUE,FALSE
305,2010,Minnesota Timberwolves,82,19780,38.9,88.2,0.441,7.4,19.7,0.376,31.5,68.5,0.459,19.1,24.9,0.768,13.6,32.1,45.8,20.8,7.4,5.3,17.6,23,104.2,FALSE,FALSE
306,2010,Dallas Mavericks,82,19705,40.9,86.2,0.475,8.6,23.6,0.365,32.3,62.6,0.516,19.2,24.7,0.777,10.4,34.9,45.3,26.1,7.4,4.7,15.3,21,109.7,TRUE,TRUE
307,2010,Memphis Grizzlies,82,19880,42,89.3,0.471,4.1,12.2,0.334,38,77.2,0.492,19.5,26,0.75,12.7,31.4,44.1,22.2,10.1,5.8,15,22.4,107.6,TRUE,FALSE
308,2010,Indiana Pacers,82,19780,38.5,86.9,0.442,7.5,21.2,0.354,31,65.8,0.471,20.4,26.1,0.782,11.7,34,45.7,20.6,7.5,5.8,16.2,22.8,104.8,TRUE,FALSE
309,2010,Utah Jazz,82,19880,40.6,87.4,0.465,5.8,16.7,0.346,34.9,70.7,0.493,21.1,27.3,0.771,11.9,31,42.9,25.5,8.3,6.4,15.6,24.7,108.1,FALSE,FALSE
310,2010,Sacramento Kings,82,19855,39.8,88.6,0.449,5.4,16.2,0.335,34.4,72.4,0.475,18.5,25.2,0.734,13.6,32.1,45.7,21.3,7.7,5,16.8,22.9,103.5,FALSE,FALSE
311,2010,Orlando Magic,82,19830,39.2,85,0.461,10.2,27.9,0.366,29,57.1,0.507,19.3,27.9,0.692,11.5,35.5,47,21.7,7.3,5.1,16.2,21.8,107.9,TRUE,FALSE
312,2010,Toronto Raptors,82,19780,41.1,88.3,0.465,4.5,14.3,0.316,36.6,74,0.494,19.5,25.8,0.755,12.6,30.6,43.2,23.5,7.6,4.6,15.8,23.6,106.1,FALSE,FALSE
313,2010,Philadelphia 76ers,82,19930,41,89,0.461,5.8,16.4,0.355,35.2,72.6,0.485,18.7,24.3,0.77,11.2,33.9,45,24.4,8.2,4.7,14,20.9,106.6,TRUE,FALSE
314,2010,Los Angeles Clippers,82,19855,39.3,85.8,0.457,6.7,19.8,0.338,32.6,66.1,0.493,20.1,28.5,0.707,12.4,32.6,45,23.6,7.6,5.2,17.5,22.6,105.3,FALSE,FALSE
315,2010,Chicago Bulls,82,19830,40.7,88.2,0.462,6.8,19,0.361,33.9,69.3,0.489,20,26.9,0.743,13,35.5,48.5,24.5,7.9,6.3,15.6,22,108.3,TRUE,FALSE
316,2010,Washington Wizards,82,19930,39.1,88.4,0.443,5,15.2,0.332,34.1,73.2,0.465,19.1,25.7,0.745,13,30.5,43.5,20.4,8.5,6.4,16.1,23.7,102.4,FALSE,FALSE
317,2010,Detroit Pistons,82,19880,41.4,90,0.46,6.4,17,0.376,35,73,0.479,18.5,25.1,0.737,12.6,30.3,42.9,23.4,8.1,4.4,14.4,22.1,107.7,FALSE,FALSE
318,2010,Boston Celtics,82,19780,40.6,83.5,0.486,5.5,15,0.365,35.1,68.5,0.513,19.6,25.4,0.77,8.6,34.1,42.7,25.8,9.1,4.6,16,22.5,106.2,TRUE,FALSE
319,2010,Portland Trail Blazers,82,19805,40.7,91,0.447,7.1,20.7,0.345,33.5,70.2,0.477,20.3,25.3,0.804,13.7,30.7,44.5,23.9,9.1,4.9,14.7,21.8,108.8,TRUE,FALSE
320,2010,Cleveland Cavaliers,82,19755,37.7,86.8,0.434,6.6,19.4,0.342,31,67.3,0.461,20.2,27.1,0.745,11.2,32,43.2,22.5,7.1,4.5,15.2,21.5,102.2,FALSE,FALSE
321,2010,Atlanta Hawks,82,19730,40.5,87.6,0.462,6.8,19.4,0.352,33.6,68.1,0.494,18.3,23.5,0.779,10.4,33.5,43.9,24.5,6.8,4.6,15.2,21.2,106.1,TRUE,FALSE
322,2010,New Orleans Pelicans,82,19830,40.2,87.5,0.459,6.1,16.8,0.36,34.1,70.7,0.482,19.8,25.9,0.765,11.2,33.7,44.9,23.1,8.5,4.9,14.6,23.5,106.2,TRUE,FALSE
323,2010,Brooklyn Nets,82,20005,38.9,88.6,0.44,6.1,17.8,0.343,32.8,70.7,0.464,19,25.1,0.759,12.1,32.6,44.7,23,6.1,5.1,15.4,24.1,103.1,FALSE,FALSE
324,2010,Charlotte Hornets,82,19805,38.8,86,0.451,5.3,16.3,0.327,33.5,69.8,0.48,20.4,27,0.756,11.5,33,44.5,23.4,7.1,5.9,16.1,22.1,103.4,FALSE,FALSE
325,2010,Milwaukee Bucks,82,19830,37.9,88.2,0.43,6.5,19.1,0.342,31.4,69.2,0.454,19.2,25.4,0.757,11.6,33.4,45.1,20.8,8.3,5.4,14.9,22.7,101.6,FALSE,FALSE
326,2011,Denver Nuggets,66,16040,40.9,85.9,0.476,6.9,20.8,0.332,33.9,65,0.522,20.5,28,0.735,11.7,33.4,45.2,25.1,8.6,5.2,16.1,20.6,109.2,TRUE,FALSE
327,2011,San Antonio Spurs,66,15940,42.3,88.5,0.478,8.9,22.8,0.393,33.4,65.8,0.507,17.3,23.1,0.748,11.1,34.9,46,24.8,7.9,4.7,14.5,18.5,110.9,TRUE,FALSE
328,2011,Oklahoma City Thunder,66,15990,39.7,84.4,0.471,7.6,21.3,0.358,32.1,63.1,0.509,22.7,28.1,0.806,11.7,34.8,46.5,19.8,8,8.7,17.4,21.8,109.8,TRUE,FALSE
329,2011,Utah Jazz,66,16165,41,89.8,0.456,4.4,13.7,0.323,36.5,76.1,0.48,20.4,27.1,0.754,14,33.4,47.4,23.4,8.8,6.3,15.2,23.4,106.8,TRUE,FALSE
330,2011,Milwaukee Bucks,66,15865,40.4,91.2,0.443,7,20.4,0.345,33.3,70.8,0.471,17.7,22.8,0.774,13.2,32,45.2,25,8.8,5.4,15,20.5,105.5,FALSE,FALSE
331,2011,Sacramento Kings,66,15915,39.7,91,0.436,6.5,20.7,0.316,33.1,70.3,0.471,18,24.4,0.736,14,31,45.1,20.2,8.9,5.1,15.2,20.5,103.8,FALSE,FALSE
332,2011,Miami Heat,66,16040,40.1,85.5,0.469,6.1,16.9,0.359,34.1,68.6,0.496,20.3,26.2,0.775,11.3,33.8,45,21.6,9.6,5.8,16.4,21,106.6,TRUE,TRUE
333,2011,Phoenix Suns,66,15840,40.8,89.1,0.458,7.3,21.2,0.343,33.6,67.9,0.494,17.3,22.9,0.757,11.7,33.3,45,24.3,7.1,6,15.2,20.2,106.2,FALSE,FALSE
334,2011,Houston Rockets,66,16065,40.6,90.3,0.449,7.8,21.7,0.359,32.8,68.6,0.477,16.6,21.2,0.782,12.5,32.8,45.3,22.9,8.1,5.2,15.6,21.9,105.5,FALSE,FALSE
335,2011,Minnesota Timberwolves,66,15940,38,87.7,0.433,7.6,23,0.332,30.4,64.7,0.469,20.7,26.8,0.771,12.9,33.7,46.6,20.8,7,4.7,16.2,19.6,104.3,FALSE,FALSE
336,2011,New York Knicks,66,15940,38.2,86.2,0.443,8.4,24.9,0.336,29.9,61.4,0.487,19.6,26.4,0.741,12,32.5,44.5,21.5,10.1,4.5,17.1,22.5,104.4,TRUE,FALSE
337,2011,Golden State Warriors,66,15915,40.6,88.9,0.457,8.6,22.1,0.388,32.1,66.8,0.48,15.5,20.2,0.77,10.5,31.8,42.2,24,8.6,5.9,14.9,23,105.4,FALSE,FALSE
338,2011,Indiana Pacers,66,15990,38.9,88.9,0.438,6.5,17.6,0.368,32.5,71.3,0.455,22.3,28.5,0.782,13.7,34.2,47.9,20.3,8.7,5.9,15.3,23.7,106.7,TRUE,FALSE
339,2011,Los Angeles Clippers,66,15965,41.1,90.5,0.455,8.7,24.3,0.357,32.5,66.2,0.49,17.6,25.9,0.68,13.5,32.8,46.2,23.3,9.4,5.3,14.8,23.6,108.5,TRUE,FALSE
340,2011,Los Angeles Lakers,66,16065,40.1,87.8,0.457,6,18.3,0.326,34.1,69.4,0.491,19.8,26.2,0.756,13.2,37.1,50.3,24.5,6.4,5.8,16.5,18.3,106,TRUE,FALSE
341,2011,Portland Trail Blazers,66,15965,39.6,89.3,0.443,7.9,22.8,0.346,31.7,66.5,0.477,18.7,23.5,0.796,12.1,32.1,44.2,22.2,8.7,5.3,15.4,20.6,105.7,FALSE,FALSE
342,2011,Atlanta Hawks,66,16165,40,88,0.454,8.1,21.9,0.37,31.9,66.1,0.482,16.9,22.8,0.74,10.7,34,44.7,24.4,8.8,5,15.2,19.4,104.9,TRUE,FALSE
343,2011,Chicago Bulls,66,15940,41.7,92.3,0.452,7.1,18.9,0.375,34.6,73.4,0.471,17,23.5,0.722,15.5,36.6,52,25.8,7.7,6.6,15.6,19.2,107.4,TRUE,FALSE
344,2011,Dallas Mavericks,66,16065,39.2,88.4,0.443,8.1,23.9,0.339,31.1,64.5,0.482,16.8,21.8,0.771,10.9,35.2,46.1,22.5,9.2,5.5,15.1,20,103.3,TRUE,FALSE
345,2011,Memphis Grizzlies,66,15940,40.2,89.9,0.447,4.6,14.1,0.326,35.6,75.8,0.47,18.9,24.9,0.759,13.8,32.2,46,21.4,10.5,5.7,15.8,21.8,104,TRUE,FALSE
346,2011,Orlando Magic,66,15965,38.4,87.2,0.441,11.3,30.1,0.375,27.1,57,0.475,16.8,25.5,0.66,12.5,34.8,47.3,22.3,7.6,4.6,16.6,19.7,105,TRUE,FALSE
347,2011,Washington Wizards,66,15865,39.5,89.5,0.441,5.6,17.6,0.32,33.8,71.9,0.47,16.5,22.7,0.727,12.7,32.3,45,20.6,8.6,6.8,16.5,23,101,FALSE,FALSE
348,2011,Philadelphia 76ers,66,15915,41.6,92.8,0.448,5.9,16.2,0.362,35.7,76.6,0.466,14.9,20.1,0.742,11.8,36.1,47.9,24.4,8.8,5.7,12.4,19.5,103.9,TRUE,FALSE
349,2011,Brooklyn Nets,66,15890,37.9,89.1,0.425,8.5,24.8,0.342,29.4,64.3,0.457,18.6,24,0.777,13.1,31.5,44.6,22,8.3,4.4,16.7,21.2,102.9,FALSE,FALSE
350,2011,Cleveland Cavaliers,66,15965,37.2,88.2,0.422,7.2,21,0.346,30,67.3,0.446,19.4,27.1,0.716,13.8,32.1,45.9,21.5,7.7,4.3,16.7,21.7,101.1,FALSE,FALSE
351,2011,Boston Celtics,66,15940,39,84.7,0.46,6,16.5,0.367,33,68.3,0.483,16.9,21.8,0.778,8.5,34.2,42.7,25.9,8.3,6,16.3,21.9,101,TRUE,FALSE
352,2011,Detroit Pistons,66,15965,38.6,88.1,0.438,5.3,15.4,0.346,33.3,72.7,0.457,18.5,24.6,0.752,13.1,31.7,44.8,20.8,7.7,4.7,17.4,21.8,101,FALSE,FALSE
353,2011,Toronto Raptors,66,15965,38.2,86.8,0.44,6.1,18.1,0.34,32,68.7,0.467,18.3,23.7,0.77,11.7,34.9,46.7,23.3,7.2,5.4,16.9,25.8,100.8,FALSE,FALSE
354,2011,New Orleans Pelicans,66,15940,39.2,87,0.451,4.4,13.2,0.333,34.8,73.8,0.472,18,23.8,0.757,12.3,33.9,46.3,23.3,8.3,5.4,17.5,22.6,100.9,FALSE,FALSE
355,2011,Charlotte Hornets,66,15890,36.4,87.8,0.414,4.4,14.8,0.295,32,73,0.439,18.1,24.2,0.746,11.2,31.4,42.6,22,6.6,6,15.9,20.7,95.2,FALSE,FALSE
356,2012,Denver Nuggets,82,19905,42.3,88.6,0.478,6.6,19.3,0.343,35.7,69.3,0.516,19.1,27.2,0.701,13.8,33,46.8,25.4,9.7,6.8,15.9,21.3,110.4,TRUE,FALSE
357,2012,Houston Rockets,82,19780,39.4,85.6,0.461,10.9,29.9,0.366,28.5,55.7,0.511,19.9,26.3,0.754,11.5,33.5,45,24,8.6,4.5,17,21,109.7,TRUE,FALSE
358,2012,Oklahoma City Thunder,82,19830,40.5,84.3,0.481,7.8,20.6,0.377,32.8,63.7,0.514,23.6,28.5,0.828,11.1,35.3,46.4,22.7,8.8,8.1,16.2,21.4,112.4,TRUE,FALSE
359,2012,San Antonio Spurs,82,19880,41.1,85.6,0.481,8.5,22.6,0.376,32.6,62.9,0.519,17.5,22.1,0.791,8.5,34.9,43.4,26.4,8.9,5.7,15.5,18.3,108.3,TRUE,FALSE
360,2012,Miami Heat,82,19880,41.9,84.5,0.496,9.5,24.1,0.396,32.4,60.4,0.536,18.9,25.1,0.754,9,33.2,42.2,25.2,9.5,5.9,15.2,20.4,112.3,TRUE,TRUE
361,2012,Los Angeles Lakers,82,19755,39.1,85.4,0.458,9.2,25.9,0.355,29.9,59.5,0.503,20.4,29.4,0.692,12.1,35.1,47.3,23.4,7.4,5.5,15.8,18.9,107.8,TRUE,FALSE
362,2012,Golden State Warriors,82,19805,40.2,87.7,0.458,8.4,20.9,0.403,31.7,66.8,0.475,17.7,22.4,0.79,11.4,35.9,47.3,23.7,7.3,4.4,15.9,22.5,106.4,TRUE,FALSE
363,2012,Dallas Mavericks,82,19980,40.6,88,0.462,7.7,20.8,0.372,32.9,67.2,0.489,16.9,21.3,0.793,9.8,34.1,43.9,24.3,8.3,5.8,14.6,21.7,105.9,FALSE,FALSE
364,2012,Los Angeles Clippers,82,19730,42.2,88.2,0.478,8.4,23.4,0.358,33.8,64.8,0.522,17.9,25.2,0.711,12.5,33,45.6,26.1,10.5,6.2,16,22.9,110.6,TRUE,FALSE
365,2012,Sacramento Kings,82,19830,39.9,89.2,0.447,7.9,21.7,0.363,32,67.5,0.474,18.6,24.2,0.769,12.2,30.8,43,22.1,8.7,4.4,15.5,22.2,106.2,FALSE,FALSE
366,2012,New York Knicks,82,19730,40.6,90.6,0.448,12.1,32.1,0.376,28.5,58.5,0.487,17.8,23.4,0.759,12.1,33,45.1,21.4,9.1,4,13.4,22.4,111.1,TRUE,FALSE
367,2012,Milwaukee Bucks,82,19830,40,92,0.435,7.7,21.3,0.36,32.3,70.6,0.457,16,21.7,0.736,13.7,32.4,46.1,24,8.8,7,14.8,19.9,103.6,TRUE,FALSE
368,2012,Utah Jazz,82,19880,40.4,89.1,0.454,6.7,18.4,0.366,33.7,70.7,0.477,19.1,25,0.764,13.1,32.6,45.8,24.7,9.2,6.8,16.1,23.2,106.7,FALSE,FALSE
369,2012,Atlanta Hawks,82,19855,40.2,86.7,0.464,9.2,24.8,0.371,31,61.9,0.501,15.1,21.1,0.715,9.9,33.8,43.7,26.2,8.7,4.8,15.9,19.2,104.8,TRUE,FALSE
370,2012,Portland Trail Blazers,82,19855,39.8,88.8,0.448,8.9,25.2,0.353,30.9,63.6,0.486,17.2,22.2,0.776,11.6,32.7,44.3,23.6,7.1,4.7,15.9,20.1,105.8,FALSE,FALSE
371,2012,Toronto Raptors,82,19980,39.6,88.8,0.446,7.6,22.1,0.343,32,66.7,0.48,19.2,24.3,0.788,11.6,32.2,43.8,23.5,7.9,5.2,14.9,24.4,105.9,FALSE,FALSE
372,2012,Brooklyn Nets,82,19855,40.1,89.1,0.45,8.6,24,0.357,31.5,65.1,0.484,19.5,26.7,0.731,14.3,33.5,47.8,22.7,8.2,5.3,16.4,20.4,108.2,TRUE,FALSE
373,2012,Cleveland Cavaliers,82,19730,39.5,91,0.434,7.2,20.8,0.346,32.2,70.1,0.46,18.2,24.1,0.756,13.2,31.1,44.3,22.3,8.5,4.4,15.1,22.9,104.3,FALSE,FALSE
374,2012,Minnesota Timberwolves,82,19730,38.6,87.8,0.439,5.9,19.3,0.305,32.7,68.5,0.477,19.9,26.8,0.742,12.7,32.4,45.2,24.1,9.2,5.1,15.9,19.8,102.9,FALSE,FALSE
375,2012,Boston Celtics,81,19840,39.6,85.2,0.465,6.6,18.3,0.358,33,66.8,0.494,17.4,22.4,0.776,8.6,33.4,42,24.3,8.8,4.8,15.6,22.6,103.1,TRUE,FALSE
376,2012,Phoenix Suns,82,19805,39.7,89.7,0.443,6.2,18.9,0.33,33.5,70.8,0.473,15.6,21,0.744,12.4,31.8,44.3,24.1,8.5,5.6,16.6,21.9,101.2,FALSE,FALSE
377,2012,Detroit Pistons,82,19805,39.7,88.6,0.449,6.8,19.2,0.356,32.9,69.4,0.474,17.4,24.9,0.699,13.2,32.9,46.1,23.2,7.7,5.3,16.6,21.7,103.8,FALSE,FALSE
378,2012,Orlando Magic,82,19780,40.7,90.9,0.448,6.7,20.2,0.329,34.1,70.6,0.482,13.5,17.9,0.755,11.7,34.4,46.1,24.6,7,4.7,15.7,20.9,101.6,FALSE,FALSE
379,2012,New Orleans Pelicans,82,19780,40.5,90.3,0.448,7.3,20.2,0.363,33.2,70.1,0.473,17.4,22.4,0.776,13.5,33.2,46.8,23.6,7.1,6,16.4,22.9,105.7,FALSE,FALSE
380,2012,Indiana Pacers,81,19590,38.7,88.6,0.436,7.5,21.7,0.347,31.1,66.9,0.465,19.4,26,0.746,14.2,36.3,50.5,22.3,7.9,7,16.7,22.1,104.3,TRUE,FALSE
381,2012,Charlotte Hornets,82,19805,37.4,88.1,0.425,6.2,18.5,0.335,31.2,69.6,0.448,20.5,27.3,0.75,12.2,31.7,43.8,21,7.8,6.3,15.3,20.7,101.5,FALSE,FALSE
382,2012,Memphis Grizzlies,82,19805,40.6,91.5,0.444,5.2,15.2,0.345,35.4,76.4,0.463,18.5,23.9,0.773,14.5,33.5,48,23.5,9.6,6,15.7,22.7,104.9,TRUE,FALSE
383,2012,Washington Wizards,82,19855,38.2,87.8,0.435,7.1,19.6,0.365,31,68.2,0.455,16.8,22.9,0.733,11.6,34.8,46.4,23.3,7.8,4.9,16.2,22,100.2,FALSE,FALSE
384,2012,Chicago Bulls,82,19830,39.6,90.7,0.437,6,17.1,0.353,33.6,73.6,0.456,18.2,23.5,0.773,13.9,34.1,48,25.5,8,5.6,15.9,21.9,103.5,TRUE,FALSE
385,2012,Philadelphia 76ers,82,19755,40.8,92,0.444,6.9,19.2,0.36,33.9,72.9,0.466,13.4,18.4,0.729,12,33.3,45.2,24.9,8.1,5.1,14.3,20.1,102,FALSE,FALSE
386,2013,Los Angeles Clippers,82,19755,40.6,85.6,0.474,8.8,24.9,0.352,31.8,60.7,0.525,22,30.2,0.73,10.9,33.8,44.6,25.5,8.9,5,14.4,22.4,112.1,TRUE,FALSE
387,2013,Houston Rockets,82,19830,39.2,83,0.472,9.8,27.4,0.358,29.4,55.6,0.529,22.8,32,0.712,11.6,35.1,46.7,22.1,7.8,5.8,16.6,21.1,111,TRUE,FALSE
388,2013,Minnesota Timberwolves,82,19855,39.6,89.1,0.444,7.5,21.8,0.341,32.2,67.3,0.478,22.2,28.6,0.778,12.7,32.8,45.6,24.4,8.9,3.7,14.2,18.7,108.9,FALSE,FALSE
389,2013,Portland Trail Blazers,82,19855,40.9,90.9,0.45,9.8,26.4,0.372,31.1,64.5,0.481,20,24.5,0.815,13,35.5,48.5,24.3,5.8,4.9,14.3,20.1,111.5,TRUE,FALSE
390,2013,Oklahoma City Thunder,82,19805,40.6,86.1,0.471,8.4,23.3,0.361,32.1,62.8,0.512,21,26.1,0.806,11.3,35.3,46.6,22.8,8.6,6.4,15.9,23.6,110.5,TRUE,FALSE
391,2013,San Antonio Spurs,82,19755,42.5,87.5,0.486,8.9,22.5,0.397,33.6,65.1,0.517,16.5,21,0.785,9.7,35.6,45.4,26.4,7.7,5.4,15.1,19.1,110.5,TRUE,TRUE
392,2013,Phoenix Suns,82,19755,40.2,86.8,0.463,9.7,26.1,0.372,30.5,60.8,0.503,19.3,25.4,0.758,11.8,33,44.8,19.8,8.7,4.7,16,22.8,109.5,FALSE,FALSE
393,2013,Dallas Mavericks,82,19830,42,88.7,0.474,9.3,24.3,0.384,32.7,64.4,0.508,17.8,22.4,0.795,10.9,32.5,43.4,25,9.1,4.6,14.4,21.2,111.2,TRUE,FALSE
394,2013,Denver Nuggets,82,19755,39,87.2,0.447,8.7,24.3,0.358,30.3,63,0.481,19.4,26.7,0.726,12.5,33.7,46.2,22.8,7.6,5.7,16.2,23.4,106,FALSE,FALSE
395,2013,Golden State Warriors,82,19830,40.7,88.1,0.462,9.7,25.6,0.38,31,62.5,0.496,16.4,21.8,0.753,11.3,35.5,46.7,24,8.1,5.1,15.7,22.4,107.5,TRUE,FALSE
396,2013,Los Angeles Lakers,82,19705,38.7,86.2,0.45,9.6,25.1,0.381,29.2,61.1,0.478,17.2,22.6,0.757,9.2,32.3,41.5,24.8,7.5,5.5,15.3,20.1,104.2,FALSE,FALSE
397,2013,Miami Heat,82,19880,41.6,83,0.501,8.8,24.2,0.364,32.8,58.8,0.558,18.9,24.9,0.76,8.3,31.7,40,24.4,9.7,4.9,16,21.1,110.9,TRUE,FALSE
398,2013,Toronto Raptors,82,19955,39.2,88,0.445,9.3,25.1,0.372,29.8,62.9,0.475,21.1,26.9,0.782,12.2,33.4,45.7,22.7,7.6,4.5,15.2,24.6,108.8,TRUE,FALSE
399,2013,Detroit Pistons,82,19780,40.7,91.1,0.447,6.5,20.2,0.321,34.2,70.9,0.483,18.1,27,0.67,15.3,32.3,47.6,21.9,8.8,5,15.2,21.3,105.9,FALSE,FALSE
400,2013,Atlanta Hawks,82,19830,39.1,85.5,0.458,9.8,27.1,0.363,29.3,58.5,0.502,17.8,22.8,0.781,9.1,32.8,41.9,26.1,8.7,4.2,16,20.2,105.9,TRUE,FALSE
401,2013,Washington Wizards,82,20055,40.8,88.8,0.459,8.3,21.9,0.38,32.5,67,0.485,16.1,22,0.731,11.4,33,44.4,24.5,8.6,4.8,15.5,21.5,106,TRUE,FALSE
402,2013,Sacramento Kings,82,19830,38.8,86.8,0.447,6.3,18.9,0.333,32.5,67.9,0.479,21.8,28.7,0.759,12.7,34.1,46.8,19.8,7.5,4.1,16,23.7,105.7,FALSE,FALSE
403,2013,New Orleans Pelicans,82,19855,40.7,88.7,0.459,6.4,17.1,0.373,34.3,71.6,0.479,19.5,25.4,0.769,12.2,32.6,44.8,22.9,8.5,6.9,14.8,24.4,107.2,FALSE,FALSE
404,2013,Philadelphia 76ers,82,19855,37.9,87.2,0.435,7,22.5,0.312,30.9,64.6,0.477,16.6,23.4,0.71,11.6,31.2,42.7,21.8,9.3,4,16.9,22.5,99.4,FALSE,FALSE
405,2013,New York Knicks,82,19855,40.5,90.2,0.449,10.2,27.3,0.372,30.4,63,0.482,17,22.4,0.761,11.7,32.6,44.3,22,8.5,4.9,14.2,24.3,108.3,FALSE,FALSE
406,2013,Brooklyn Nets,82,19880,38.7,84.4,0.459,9.4,25.4,0.369,29.3,59,0.497,19.9,26.4,0.753,9.5,31.8,41.3,22.6,9.3,4.1,15.7,23.5,106.7,TRUE,FALSE
407,2013,Cleveland Cavaliers,82,19930,39.3,90,0.437,7.6,21.2,0.356,31.7,68.7,0.461,18.1,24.1,0.751,12.8,34,46.8,22.5,7.5,3.9,15,21.2,104.2,FALSE,FALSE
408,2013,Charlotte Hornets,82,19905,38.8,87.8,0.442,6.7,19.2,0.351,32.1,68.6,0.468,19.2,26.1,0.737,10.1,35.5,45.6,23.2,6.5,5.5,13.2,19.5,103.6,TRUE,FALSE
409,2013,Indiana Pacers,82,19780,38.7,86.2,0.449,7.2,20.2,0.357,31.5,66,0.477,19.5,25,0.779,10.9,37.1,48.1,21.7,7.2,5.9,16.2,22,104.1,TRUE,FALSE
410,2013,Orlando Magic,82,19955,38.8,87.1,0.445,7.2,20.5,0.353,31.6,66.6,0.474,16.8,22,0.763,10.2,34.1,44.3,22.2,8.1,4.5,15.7,21.6,101.7,FALSE,FALSE
411,2013,Boston Celtics,82,19730,39.1,89.7,0.435,7.5,22.5,0.333,31.6,67.2,0.47,17.3,22.2,0.777,12.8,32.7,45.4,22.5,7.6,4.5,16.4,22.7,102.9,FALSE,FALSE
412,2013,Memphis Grizzlies,82,19805,42.1,90.7,0.464,5.5,15.5,0.353,36.6,75.2,0.487,16.7,22.5,0.741,12.8,34.1,46.9,24.2,8.5,5.1,15.2,21.1,106.3,TRUE,FALSE
413,2013,Milwaukee Bucks,82,19880,38.8,88.6,0.438,7.2,20.4,0.353,31.6,68.2,0.464,18.1,24.2,0.747,12.8,31.6,44.3,23.2,7.1,5.3,16.3,22.5,103,FALSE,FALSE
414,2013,Utah Jazz,82,19780,39.2,88.3,0.444,7.2,20.9,0.344,32,67.4,0.474,17.9,23.9,0.747,12,32.9,44.9,22.1,7.6,4.9,15.9,22.6,103.5,FALSE,FALSE
415,2013,Chicago Bulls,82,19930,38,87.8,0.432,6.8,19.5,0.348,31.2,68.3,0.456,19.8,25.5,0.779,12.5,35.8,48.3,24.8,7.9,5.7,16.3,20.9,102.5,TRUE,FALSE
416,2014,Golden State Warriors,82,19730,42.2,88.3,0.478,10.9,27.4,0.398,31.3,60.9,0.514,16.3,21.2,0.768,10.6,34.8,45.4,27.8,9.4,6.1,14.7,20.2,111.6,TRUE,TRUE
417,2014,Los Angeles Clippers,82,19730,41.5,87.7,0.473,10.6,28.3,0.376,30.8,59.4,0.519,18.9,26.5,0.71,10.1,34.8,44.9,26.1,8.2,5.3,13,22.5,112.4,TRUE,FALSE
418,2014,Dallas Mavericks,82,19880,41.3,89.3,0.463,9.3,26.4,0.352,32,62.8,0.509,17.6,23.4,0.752,10.9,33.1,44,23.4,8.4,4.7,13.5,20.9,109.5,TRUE,FALSE
419,2014,Toronto Raptors,82,19855,40.5,88.9,0.455,9.5,26.8,0.352,31,62.1,0.499,20.6,26.2,0.787,11.5,32.9,44.4,22.1,8,4.6,13.8,22.3,111,TRUE,FALSE
420,2014,Oklahoma City Thunder,82,19830,40.3,90,0.447,8,23.6,0.339,32.3,66.4,0.486,19.3,25.5,0.754,13.3,36,49.3,21.3,7.6,5.7,15.2,23.1,107.8,FALSE,FALSE
421,2014,Houston Rockets,82,19805,38.1,85.8,0.444,11.7,33.6,0.348,26.3,52.1,0.506,19.1,26.8,0.715,12,32.9,45,22.8,9.8,5.1,17.1,22.6,107,TRUE,FALSE
422,2014,San Antonio Spurs,82,19955,41.1,87.9,0.468,8.7,23.7,0.367,32.5,64.2,0.505,17.5,22.5,0.78,10.3,35.6,45.9,25.7,8.4,5.7,14.7,20.1,108.5,TRUE,FALSE
423,2014,Cleveland Cavaliers,82,19780,40.6,88.6,0.458,10.9,29.6,0.367,29.7,58.9,0.504,19.1,25.4,0.751,12,34.3,46.3,23.8,7.9,4.5,15.4,19.8,111.1,TRUE,FALSE
424,2014,Portland Trail Blazers,82,19855,40.7,90.4,0.45,10.4,28.6,0.362,30.4,61.8,0.491,16.3,20.4,0.801,11.3,37,48.2,23.1,6.7,4.8,14.3,19.2,108.2,TRUE,FALSE
425,2014,Atlanta Hawks,82,19730,40.4,86.7,0.466,10.6,27.9,0.38,29.8,58.9,0.506,17.5,22.5,0.778,9.3,33.8,43.1,27.3,9.6,4.9,15.1,18.9,108.9,TRUE,FALSE
426,2014,Phoenix Suns,82,19880,39.8,88.3,0.452,8.8,25.7,0.341,31.1,62.6,0.497,16.8,22.2,0.76,11.2,33.1,44.4,20.8,8.8,4.8,15.5,21.9,105.3,FALSE,FALSE
427,2014,Denver Nuggets,82,19880,38.9,89.9,0.433,8.3,25.5,0.325,30.6,64.4,0.476,18.4,25,0.734,12.7,33.3,46,22.5,8.1,4.6,14.6,23.6,104.5,FALSE,FALSE
428,2014,Boston Celtics,82,19880,40.2,90.8,0.443,8.3,25.5,0.327,31.9,65.4,0.488,15.9,21.1,0.754,11.5,33.8,45.3,25.3,8.5,3.7,14.3,21.9,104.7,TRUE,FALSE
429,2014,Sacramento Kings,82,19855,38.2,83.9,0.455,5.8,17.1,0.341,32.3,66.8,0.484,23.2,30.4,0.762,11.3,34.6,45.9,21.1,7,4.1,16.9,21.5,105.3,FALSE,FALSE
430,2014,Chicago Bulls,82,19880,39,88.4,0.442,8.4,23.7,0.353,30.7,64.7,0.474,21.1,26.9,0.783,12.5,36.3,48.8,23.2,6.7,6.2,14.9,19.5,107.5,TRUE,FALSE
431,2014,New Orleans Pelicans,82,19780,41.3,90.2,0.457,7.8,21,0.37,33.5,69.2,0.484,17.9,23.8,0.751,12.5,34.8,47.3,24,7.3,6.8,14.4,20.3,108.2,TRUE,FALSE
432,2014,Washington Wizards,82,19955,40.3,87.2,0.462,6.4,17.7,0.36,33.9,69.4,0.488,16.8,22.6,0.742,11.1,36,47,25.3,7.7,4.9,15.8,21.9,103.7,TRUE,FALSE
433,2014,Detroit Pistons,82,19830,39.7,91.8,0.432,9.2,26.6,0.344,30.5,65.1,0.468,16.8,24,0.703,13.7,34.3,48,23.1,8.1,5,14.3,20.3,105.3,FALSE,FALSE
434,2014,Los Angeles Lakers,82,19930,39.1,89.9,0.435,6.8,19.8,0.344,32.3,70.1,0.461,18.4,24.8,0.741,12.2,33.9,46.1,22,7.4,4.7,13.9,22.3,103.4,FALSE,FALSE
435,2014,Memphis Grizzlies,82,19905,40.6,88.7,0.458,5.5,16.3,0.339,35.1,72.3,0.485,18.9,24.5,0.773,11.2,34.5,45.8,23.3,9.2,4.5,14.3,20.5,105.7,TRUE,FALSE
436,2014,Brooklyn Nets,82,19930,39.9,88.4,0.451,7,21.2,0.331,32.8,67.2,0.489,17.6,23.6,0.748,11,34.1,45.1,22.3,7.5,4.4,14.7,20.5,104.4,TRUE,FALSE
437,2014,Milwaukee Bucks,82,19930,39.5,86,0.459,7,19.2,0.363,32.5,66.8,0.486,16.8,22.2,0.757,11.2,32.9,44.2,24.7,10.1,5.2,17.6,23.2,102.7,TRUE,FALSE
438,2014,Minnesota Timberwolves,82,19805,38.3,87.5,0.438,5.2,15.7,0.332,33.1,71.8,0.461,21,27.1,0.776,12.2,30.9,43.1,22.7,8.6,4.2,15.8,20.2,102.9,FALSE,FALSE
439,2014,Indiana Pacers,82,19855,38.9,88.5,0.439,7.9,22.6,0.352,31,66,0.469,17.8,23.6,0.756,11.1,36.6,47.7,22.8,6.6,4.9,14.9,22.6,103.5,FALSE,FALSE
440,2014,Orlando Magic,82,19755,39.8,87.9,0.453,7.2,20.7,0.347,32.6,67.2,0.486,14.8,20.3,0.729,10.6,33.7,44.4,21.9,8.4,4.1,15.8,22.2,101.6,FALSE,FALSE
441,2014,Utah Jazz,82,19705,39.1,87.5,0.447,8.2,24,0.343,30.9,63.5,0.486,18.7,26,0.721,13.3,35.3,48.6,22,8.4,6.6,16.9,21.3,105.1,FALSE,FALSE
442,2014,Miami Heat,82,19730,38.6,84.7,0.456,7.4,22.2,0.335,31.2,62.5,0.499,19.2,26,0.741,10,32.9,42.9,21.8,8.6,5,16.2,21.9,103.9,FALSE,FALSE
443,2014,Charlotte Hornets,82,19905,37.8,89.9,0.42,6.5,20.3,0.318,31.3,69.6,0.45,18.1,24.2,0.748,10.6,36.2,46.9,21.5,6.5,5.8,12.7,19.4,100.1,FALSE,FALSE
444,2014,Philadelphia 76ers,82,19805,35,85.8,0.408,8.8,27.3,0.32,26.2,58.4,0.449,16.7,24.7,0.676,12.4,32.1,44.5,21.3,10,6.2,18.4,22.5,95.5,FALSE,FALSE
445,2014,New York Knicks,82,19855,38.2,89.2,0.428,7.4,21.4,0.347,30.8,67.8,0.454,16.1,20.9,0.769,11.5,32.4,43.9,23.1,7.6,5.1,16,23.4,99.9,FALSE,FALSE
446,2015,Golden State Warriors,82,19880,42.4,87,0.487,13.1,31.5,0.416,29.3,55.5,0.528,16.6,21.8,0.763,9.9,36.1,46,28.8,8.4,6.1,15.1,20.7,114.5,TRUE,FALSE
447,2015,Oklahoma City Thunder,82,19830,42.2,88.6,0.476,8.5,24.3,0.349,33.7,64.3,0.524,20.2,25.9,0.782,13.4,36.5,49.9,23.6,7.5,6.1,16.3,21.2,113.1,TRUE,FALSE
448,2015,Sacramento Kings,82,19805,39.8,85.9,0.464,8,22.3,0.359,31.8,63.6,0.5,18.4,25.3,0.725,10.5,33.5,44,24.4,8.9,4.5,16.1,20.3,106,FALSE,FALSE
449,2015,Houston Rockets,82,19830,38.4,84.9,0.452,10.9,31.4,0.347,27.5,53.5,0.514,20.7,29.8,0.694,11.5,32.2,43.8,22.6,10.2,5.3,16.2,22.2,108.3,TRUE,FALSE
450,2015,Boston Celtics,82,19780,39.6,90.2,0.439,8.8,26.4,0.335,30.8,63.8,0.483,18.7,23.8,0.788,11.7,33.7,45.4,24.4,9.3,4.3,13.9,22.1,106.8,TRUE,FALSE
451,2015,Portland Trail Blazers,82,19805,40,88.9,0.45,10.9,29.5,0.37,29.1,59.4,0.49,18,23.8,0.754,12,35.1,47.1,22.1,7.1,4.8,15.1,22.5,108.8,TRUE,FALSE
452,2015,Los Angeles Clippers,82,19830,39.7,85.4,0.465,10.1,27.7,0.364,29.6,57.7,0.513,18.8,27.2,0.692,9.1,34.5,43.6,23.7,9,5.8,13.4,22.1,108.3,TRUE,FALSE
453,2015,Cleveland Cavaliers,82,19855,41.1,89.3,0.46,11.4,31.5,0.362,29.7,57.8,0.514,17.3,23.1,0.748,11.3,36,47.3,24.1,7.1,4.1,14.4,21.6,110.9,TRUE,TRUE
454,2015,Washington Wizards,82,19755,40,86.8,0.46,8.7,24.5,0.358,31.2,62.3,0.501,16.6,22.8,0.73,9.2,33.2,42.3,24.7,8.7,4,14.6,21.1,105.3,FALSE,FALSE
455,2015,San Antonio Spurs,82,19705,42.7,88.3,0.484,7.4,19.7,0.375,35.3,68.6,0.515,17.4,21.7,0.803,10,36.8,46.8,26.1,8.8,6.3,13.9,18.6,110.3,TRUE,FALSE
456,2015,Charlotte Hornets,82,19855,38.4,87.5,0.439,11,30.5,0.362,27.3,57,0.479,19.4,24.5,0.79,9.3,36.3,45.5,22.5,7.5,5.5,13,18.8,107.1,TRUE,FALSE
457,2015,Atlanta Hawks,82,19830,39.5,86.3,0.458,10.2,29,0.35,29.3,57.3,0.512,16,20.4,0.783,8.5,34.5,43,26.2,9.3,6.1,15.3,19.6,105.1,TRUE,FALSE
458,2015,New Orleans Pelicans,82,19780,39.5,88.3,0.448,8.8,24.5,0.36,30.7,63.8,0.482,17.7,22.9,0.776,9.8,34,43.8,22.8,7.9,4.3,13.8,21.5,105.6,FALSE,FALSE
459,2015,Toronto Raptors,82,19780,39.3,87.1,0.451,9.2,25,0.37,30,62.1,0.483,22.2,28.6,0.777,10.9,35.6,46.5,20.1,8.3,5.9,14,21,110,TRUE,FALSE
460,2015,Minnesota Timberwolves,82,19880,39.2,84.5,0.464,5.8,17.1,0.338,33.5,67.5,0.496,22.2,28.1,0.792,10.4,32.8,43.2,24.3,8.3,4.8,15.6,21.5,106.5,FALSE,FALSE
461,2015,Dallas Mavericks,82,20005,39,87.8,0.444,10.3,29.8,0.344,28.7,58,0.495,18.5,23.3,0.794,9.6,35.4,44.9,23.1,7.1,3.9,13.3,20.3,106.7,TRUE,FALSE
462,2015,Indiana Pacers,82,19880,39.3,87.3,0.45,8.3,23.6,0.351,31,63.7,0.486,17.9,23.4,0.764,10.6,34.7,45.3,21.7,9.3,4.9,15.2,20.5,104.6,TRUE,FALSE
463,2015,Orlando Magic,82,19905,40.7,89.4,0.455,8,22.8,0.35,32.7,66.6,0.492,15.7,20.7,0.757,10.6,34,44.6,24.3,8.5,5.2,14.5,21.4,105.1,FALSE,FALSE
464,2015,Detroit Pistons,82,19880,39.5,90,0.439,9.4,27.3,0.345,30.1,62.7,0.48,17.8,26.6,0.668,13,35.3,48.2,20.2,7.3,3.9,14.1,19.8,106.1,TRUE,FALSE
465,2015,Denver Nuggets,82,19830,39.1,88.5,0.442,8.3,24.6,0.338,30.8,64,0.482,19.1,25,0.766,11.9,34.4,46.3,23.5,7.7,5,15.2,21.8,105.6,FALSE,FALSE
466,2015,Chicago Bulls,82,19905,39.9,90.3,0.441,8.2,22.1,0.371,31.7,68.2,0.464,17.1,21.7,0.787,11.4,36.4,47.8,23.6,6.2,5.9,14.4,19.5,105,FALSE,FALSE
467,2015,Phoenix Suns,82,19705,37.7,86.8,0.435,9.1,26.2,0.348,28.6,60.6,0.472,17.7,23.5,0.751,11.7,33.8,45.4,21,7.8,3.9,17.4,23,102.2,FALSE,FALSE
468,2015,Miami Heat,82,19830,40.7,86.6,0.47,6.4,19.1,0.336,34.3,67.5,0.508,18.2,24.4,0.744,10.4,36.4,46.8,22.1,7.2,6.9,14.9,19.4,106.1,TRUE,FALSE
469,2015,Memphis Grizzlies,82,19830,39.2,89,0.44,6.5,19.7,0.331,32.6,69.3,0.471,20.6,26.3,0.783,11.9,32.4,44.3,22,9.4,4.5,14.1,23.1,105.4,TRUE,FALSE
470,2015,Milwaukee Bucks,82,19830,40.4,86.6,0.467,5.7,16.4,0.345,34.7,70.2,0.495,17.9,23.9,0.747,11,32.9,43.9,24.3,8.6,6.1,16,21.8,104.3,FALSE,FALSE
471,2015,Brooklyn Nets,82,19755,40,88.3,0.453,6.8,19.2,0.352,33.2,69,0.481,16.4,21.7,0.757,11,33.3,44.4,23.3,8,4.2,15.5,18.8,103.2,FALSE,FALSE
472,2015,New York Knicks,82,19805,39.2,89.3,0.439,7.9,22.9,0.346,31.3,66.5,0.471,18.3,22.7,0.805,11,36.2,47.2,21.8,6.1,6,14.3,21,104.6,FALSE,FALSE
473,2015,Utah Jazz,82,19955,39.1,87.1,0.449,9.2,25.9,0.355,29.9,61.3,0.488,18.5,24.9,0.744,11.6,35.2,46.9,20.6,8.3,5.6,16.2,21.9,105.9,FALSE,FALSE
474,2015,Philadelphia 76ers,82,19805,36.7,85.2,0.431,9.5,27.9,0.339,27.3,57.3,0.476,15.9,22.9,0.694,9.6,32.2,41.8,21.8,8.4,6.1,16.6,22,98.8,FALSE,FALSE
475,2015,Los Angeles Lakers,82,19730,36.7,88.5,0.414,8.1,25.7,0.317,28.5,62.9,0.454,20.1,25.8,0.781,11.2,33.7,44.8,18.8,7.5,4.3,14.3,21.2,101.6,FALSE,FALSE
476,2016,Golden State Warriors,82,19780,43,86.8,0.495,11.9,31.2,0.383,31,55.7,0.557,17.7,22.5,0.788,9.4,34.9,44.3,30.3,9.5,6.7,14.7,19.3,115.6,TRUE,TRUE
477,2016,Houston Rockets,82,19780,40.1,86.8,0.462,14.3,40.1,0.357,25.8,46.7,0.552,20.2,26.4,0.766,10.8,33.3,44.1,25.1,8.1,4.3,15,19.8,114.7,TRUE,FALSE
478,2016,Denver Nuggets,82,19755,41.7,88.9,0.469,10.8,29.2,0.368,31,59.7,0.519,19,24.5,0.774,11.9,35.1,47,25.7,7,4,15.2,19.4,113.2,FALSE,FALSE
479,2016,Cleveland Cavaliers,82,19880,41.1,87.4,0.47,13.4,34.9,0.384,27.7,52.5,0.528,18,24,0.748,9.6,35.4,45,23.3,6.8,4.1,14.1,18.7,113.6,TRUE,FALSE
480,2016,Washington Wizards,82,19855,42.1,88.6,0.475,9.4,25.2,0.372,32.7,63.4,0.515,17.6,22.5,0.784,10.5,33.2,43.6,24.3,8.6,4.2,14.4,21.7,111.2,TRUE,FALSE
481,2016,Los Angeles Clippers,82,19755,41,86.3,0.475,10.6,28.4,0.375,30.4,57.9,0.525,20.1,26.9,0.745,9.3,35.3,44.6,23.4,7.7,4.4,13.4,20.6,112.7,TRUE,FALSE
482,2016,Boston Celtics,82,19755,39.8,87.6,0.454,12.4,34.4,0.359,27.4,53.2,0.515,19.3,23.9,0.807,9.3,33.9,43.2,26,7.7,4.3,13.7,21.2,111.2,TRUE,FALSE
483,2016,Portland Trail Blazers,82,19930,40.4,87.9,0.459,10.6,28.3,0.375,29.8,59.6,0.499,18.8,24.2,0.78,10.3,34.3,44.6,21.6,7.2,5.1,14,21.6,110.3,TRUE,FALSE
484,2016,Phoenix Suns,82,19830,39.5,87.6,0.45,7.4,22.4,0.332,32,65.3,0.491,20.2,26.1,0.776,11.8,32.7,44.5,19.4,8.1,4.8,15.3,24.5,106.6,FALSE,FALSE
485,2016,Toronto Raptors,82,19780,41.1,88.6,0.464,9.3,25.6,0.363,31.9,63.1,0.505,20.7,26,0.796,11.2,34.3,45.4,19.4,8.7,5.1,13.3,21.9,112.3,TRUE,FALSE
486,2016,Oklahoma City Thunder,82,19805,40.1,88.8,0.452,8.6,26.2,0.327,31.5,62.6,0.504,19.5,26.2,0.745,12.4,34.9,47.4,21.3,8,5.1,15.2,21.2,108.3,TRUE,FALSE
487,2016,Brooklyn Nets,82,19755,37.2,83.8,0.444,10.5,31.1,0.338,26.7,52.7,0.506,19.1,24.2,0.788,8.7,34.5,43.2,21.1,7.1,4.6,16.3,20.7,104.1,FALSE,FALSE
488,2016,Minnesota Timberwolves,82,19805,41.4,88.6,0.467,7.7,22.1,0.349,33.7,66.6,0.507,20.3,25.4,0.799,12,32.5,44.5,24.8,8.4,4.7,14.7,21.1,110.8,FALSE,FALSE
489,2016,San Antonio Spurs,82,19805,41.5,88.3,0.469,9.7,24.8,0.391,31.8,63.5,0.5,18.5,23.2,0.797,10.6,35.7,46.3,25.1,8.4,6.2,14.2,19.3,111.1,TRUE,FALSE
490,2016,Indiana Pacers,82,19855,40.6,87.4,0.465,8.9,23.8,0.376,31.7,63.6,0.498,18.5,22.8,0.81,9.4,34.1,43.4,23.2,8.4,5.2,14.2,20.1,108.6,TRUE,FALSE
491,2016,Charlotte Hornets,82,19830,39.1,88.5,0.442,10.4,29.7,0.351,28.7,58.9,0.488,20.1,24.7,0.815,9.1,36.1,45.2,23.9,7.2,4.9,11.9,17.2,108.8,FALSE,FALSE
492,2016,Los Angeles Lakers,82,19705,39.9,88.6,0.45,9,26.1,0.346,30.8,62.5,0.493,17.3,22.9,0.754,11.5,32.6,44.1,21.2,8.3,4,15.4,21,106,FALSE,FALSE
493,2016,New Orleans Pelicans,82,19905,39.5,87.7,0.45,9.4,27,0.35,30,60.7,0.495,16.8,22.4,0.75,8.6,35.4,44.1,23,7.8,5.6,13,18.3,105.2,FALSE,FALSE
494,2016,New York Knicks,82,19855,40.9,91.4,0.447,8.9,25.5,0.348,32,65.9,0.485,17.2,21.8,0.788,12.4,34.3,46.7,22.5,7.3,5.7,14.3,21,107.7,FALSE,FALSE
495,2016,Milwaukee Bucks,82,19780,40.9,86.2,0.474,9.2,25,0.37,31.6,61.2,0.516,18.1,23.6,0.768,9.3,33.2,42.5,25.5,8.6,5.6,14.7,21.3,109.1,TRUE,FALSE
496,2016,Miami Heat,82,19780,40.8,89.7,0.455,10.3,28.2,0.365,30.5,61.5,0.496,15.9,22.5,0.706,11.1,34.5,45.6,22.2,7.5,6,14,21.4,107.8,FALSE,FALSE
497,2016,Atlanta Hawks,82,19880,38.7,85.8,0.451,9,26.5,0.341,29.7,59.3,0.501,18.4,25.3,0.728,10.4,34.6,45.1,24,8.3,4.9,16,18.5,104.9,TRUE,FALSE
498,2016,Chicago Bulls,82,19780,40.4,90.9,0.444,7.9,23.3,0.34,32.4,67.6,0.479,18.8,23.5,0.798,12.7,35.6,48.3,23.6,8.2,5,14.2,18.5,107.4,TRUE,FALSE
499,2016,Sacramento Kings,82,19880,39.5,85.7,0.461,9.4,24.9,0.376,30.1,60.8,0.496,18.9,24.3,0.775,9.1,33.7,42.8,23.5,8,4.1,15.3,21.2,107.3,FALSE,FALSE
500,2016,Philadelphia 76ers,82,19830,37.9,85.9,0.442,10.2,30,0.34,27.7,55.9,0.496,17.1,22.2,0.771,9.9,33.2,43.2,23.9,8.5,5.2,16.8,22,103.2,FALSE,FALSE
501,2016,Detroit Pistons,82,19805,41.7,92.9,0.449,8,24.4,0.33,33.6,68.5,0.492,14.5,20.2,0.719,11.6,36.2,47.8,22.1,7.3,4,12.4,18.7,106,FALSE,FALSE
502,2016,Orlando Magic,82,19805,39.3,89.3,0.44,8.8,26.8,0.328,30.5,62.5,0.488,16.4,21.9,0.747,10.1,34.2,44.3,22.8,7.3,5,13.7,19.8,103.7,FALSE,FALSE
503,2016,Utah Jazz,82,19755,40.2,86.5,0.466,10.5,28.2,0.372,29.8,58.2,0.511,18.6,24.9,0.747,10.2,36.8,47,21.9,7.3,5.4,14.8,20.5,109.6,TRUE,FALSE
504,2016,Memphis Grizzlies,82,19905,39,89.6,0.435,10,28.3,0.354,29,61.2,0.473,19.7,25.1,0.784,11.6,34.3,45.8,22.8,8.5,4.5,13.8,24,107.7,TRUE,FALSE
505,2016,Dallas Mavericks,82,19780,39,88.8,0.44,11.6,32.5,0.355,27.5,56.3,0.489,16,19.9,0.801,8.5,33.1,41.6,22.4,8.1,4,12.8,20.6,105.6,FALSE,FALSE
506,2017,Golden State Warriors,82,19730,42.9,85.3,0.503,11.3,28.9,0.391,31.5,56.3,0.56,16.6,20.4,0.815,8.4,35.1,43.6,29.3,8,7.5,15.5,19.6,113.6,TRUE,TRUE
507,2017,Houston Rockets,82,19755,39.5,86,0.46,15.6,43.2,0.362,23.9,42.8,0.558,20,25.7,0.781,9.2,35.2,44.4,22,8.7,4.9,14.1,19.9,114.7,TRUE,FALSE
508,2017,New Orleans Pelicans,82,19955,41.9,86.6,0.483,10,27.7,0.362,31.9,59,0.54,15.8,20.5,0.772,8.5,35,43.5,26.3,7.9,5.8,14.6,18.8,109.6,TRUE,FALSE
509,2017,Toronto Raptors,82,19830,42,89.1,0.472,12,33.6,0.358,30,55.5,0.541,17.7,22.2,0.794,9.9,34.9,44.8,24.8,7.8,6.2,13.6,22.2,113.8,TRUE,FALSE
510,2017,Cleveland Cavaliers,82,19730,41.1,86.3,0.476,12.2,32.7,0.372,28.9,53.6,0.54,18.5,23.7,0.779,8.6,34.3,42.9,23.8,7.2,3.9,14,18.9,112.9,TRUE,FALSE
511,2017,Denver Nuggets,82,19880,41.6,88.5,0.47,11.7,31.6,0.371,29.9,56.9,0.525,17.5,22.8,0.767,11.2,34.3,45.5,25.7,7.8,5,15.3,19.1,112.5,FALSE,FALSE
512,2017,Philadelphia 76ers,82,19780,40.7,86.3,0.472,11,29.7,0.369,29.8,56.6,0.526,17.1,22.7,0.752,10.9,36.4,47.3,27,8.3,5.1,16.4,22,109.5,TRUE,FALSE
513,2017,Minnesota Timberwolves,82,19805,42.5,89.2,0.476,8.3,23.3,0.357,34.2,65.9,0.519,20.1,25,0.804,10.7,32.7,43.4,23.5,8.7,4.4,12.9,18.9,113.4,TRUE,FALSE
514,2017,Los Angeles Clippers,82,19705,40.7,86.4,0.471,9.6,27.1,0.354,31.2,59.3,0.525,19.2,25.8,0.743,10.3,34.1,44.4,22.6,7.7,4.6,14.9,20.2,110.3,FALSE,FALSE
515,2017,Charlotte Hornets,82,19780,39.4,87.6,0.45,10.2,27.5,0.369,29.3,60.1,0.487,20.4,27.3,0.747,10.2,35.8,46,21.8,6.9,4.6,12.8,17.4,109.4,FALSE,FALSE
516,2017,Los Angeles Lakers,82,19905,40.1,87.1,0.461,9.9,28.6,0.345,30.2,58.4,0.517,16.4,23,0.714,10.5,35.2,45.7,23.4,7.6,4.7,15.6,20.9,106.5,FALSE,FALSE
517,2017,Oklahoma City Thunder,82,19830,40.9,90.4,0.453,11,31.2,0.354,29.9,59.2,0.505,17.8,24.8,0.716,12.8,33.4,46.2,21.9,9.3,5.2,14.4,20.7,110.7,TRUE,FALSE
518,2017,Washington Wizards,82,19855,41,87.8,0.467,10.2,27.2,0.375,30.8,60.6,0.508,17.2,22.3,0.772,10.3,33.9,44.2,25.8,8.1,4.4,15,21.8,109.3,TRUE,FALSE
519,2017,Brooklyn Nets,82,19855,38.3,87,0.441,12.7,35.7,0.356,25.6,51.2,0.5,17.5,22.6,0.772,9.7,34.9,44.6,23.7,6.3,4.8,15.2,20.6,106.9,FALSE,FALSE
520,2017,Milwaukee Bucks,82,19830,41,85.6,0.478,9,25.5,0.355,31.9,60.1,0.531,18.8,24.1,0.783,8.7,32.4,41.1,24,9.1,5.6,14.3,22,109.8,TRUE,FALSE
521,2017,Portland Trail Blazers,82,19755,40.6,89.8,0.452,10.6,29.1,0.366,29.9,60.7,0.493,17.3,21.6,0.8,10.5,36.4,46.9,20.1,7.2,5.3,14,20.1,109.1,TRUE,FALSE
522,2017,Indiana Pacers,82,19755,42.3,89.6,0.472,9.4,25.4,0.369,32.9,64.2,0.513,15.5,19.9,0.779,10,34,43.9,23,9.1,4.3,13.8,19.5,109.5,TRUE,FALSE
523,2017,New York Knicks,82,19830,41.7,89.9,0.464,8.4,23.9,0.352,33.3,66,0.504,15.3,19.5,0.787,10.7,34.4,45.1,23.9,6.9,5.3,15.1,21,107.1,FALSE,FALSE
524,2017,Utah Jazz,82,19755,39.8,86.3,0.462,11.3,30.8,0.366,28.6,55.5,0.515,17.5,22.4,0.779,9.4,35.6,45,23.3,9,5.3,15.3,20.4,108.4,TRUE,FALSE
525,2017,Boston Celtics,82,19805,39.6,88,0.45,11.8,31.4,0.377,27.8,56.6,0.491,16.5,21.4,0.771,9.7,36.3,46,23.2,7.6,4.7,14.5,20.4,107.6,TRUE,FALSE
526,2017,Phoenix Suns,82,19705,38.3,86.7,0.442,9.3,27.8,0.334,29,59,0.492,17.6,23.8,0.741,10.2,33.7,43.9,21.2,6.9,4.5,15.7,21.9,103.5,FALSE,FALSE
527,2017,Detroit Pistons,82,19805,40.4,89.8,0.45,11.2,29.9,0.373,29.2,59.9,0.488,15.2,20.4,0.745,10.5,34.7,45.2,23.5,7.9,4,13.9,19,107.2,FALSE,FALSE
528,2017,Miami Heat,82,19930,40.1,88.1,0.455,11.4,31.6,0.36,28.7,56.6,0.508,15.2,20.2,0.755,9.6,35.3,44.9,23.5,7.8,5.5,14.9,20.8,106.8,TRUE,FALSE
529,2017,Orlando Magic,82,19730,39.5,87.4,0.452,10.5,29.8,0.351,29,57.5,0.504,15.8,20.8,0.757,9,33.4,42.4,23.8,7.7,5,14.8,19.6,105.2,FALSE,FALSE
530,2017,Atlanta Hawks,82,19705,38.8,86.9,0.446,11.4,31.5,0.36,27.4,55.4,0.495,16.1,20.5,0.785,9.2,33.4,42.6,24.1,7.9,4.3,15.8,19.9,105,FALSE,FALSE
531,2017,Chicago Bulls,82,19855,39,89.6,0.435,11.1,31.3,0.355,27.8,58.2,0.478,14.7,19.4,0.759,9.7,35.3,45,23.6,7.7,3.6,14.1,19.3,103.8,FALSE,FALSE
532,2017,San Antonio Spurs,82,19730,41,89.6,0.457,8.9,25.3,0.352,32.1,64.3,0.499,17,22,0.772,10.9,35.6,46.4,23.9,8,5.9,13.8,18,107.9,TRUE,FALSE
533,2017,Dallas Mavericks,82,19805,39.6,89.2,0.444,12.3,34.1,0.36,27.4,55.2,0.496,14.8,19.4,0.763,8.4,34.4,42.9,23.5,7.3,3.9,12.8,20,106.3,FALSE,FALSE
534,2017,Memphis Grizzlies,82,19705,38.7,87.1,0.444,9.7,27.6,0.352,28.9,59.5,0.486,17.5,22.2,0.786,10,32.6,42.6,22.7,7.9,5.1,15.7,24.4,104.5,FALSE,FALSE
535,2017,Sacramento Kings,82,19755,40.7,90.4,0.45,9.4,25.2,0.375,31.2,65.2,0.479,12.9,17.5,0.735,9.9,33,42.9,22.6,8.2,4.4,14.4,21,103.7,FALSE,FALSE
536,2018,Milwaukee Bucks,82,19780,41.8,87.8,0.476,13,36.8,0.353,28.8,50.9,0.565,17.3,22.4,0.773,9,39,47.9,25.1,7.2,5.7,13.4,18.9,113.8,TRUE,FALSE
537,2018,Golden State Warriors,82,19805,43.4,88.4,0.491,13.1,33.9,0.385,30.3,54.5,0.557,16.1,20.1,0.801,9.6,35.9,45.5,29,7.5,6.3,14,21.1,115.9,TRUE,FALSE
538,2018,New Orleans Pelicans,82,19755,42.1,89,0.473,9.9,28.8,0.344,32.2,60.2,0.536,17.2,22.6,0.761,10.7,34.9,45.6,26.1,7.2,5.2,14.3,20.4,111.4,FALSE,FALSE
539,2018,Philadelphia 76ers,82,19805,40.6,86.2,0.471,10.6,29.5,0.359,30,56.7,0.529,20.8,26.9,0.771,10.6,36.1,46.7,26.3,7.2,5.2,14.6,20.8,112.6,TRUE,FALSE
540,2018,Los Angeles Clippers,82,19830,40.3,85.4,0.471,9.8,25.2,0.388,30.5,60.2,0.507,22.1,27.8,0.792,9.5,34.9,44.4,23.4,6.7,4.6,14.2,22.8,112.4,TRUE,FALSE
541,2018,Portland Trail Blazers,82,19855,42.3,90.6,0.467,11,30.7,0.359,31.3,59.8,0.523,19,23.3,0.814,11.8,36.2,48,23,6.7,5,13.8,20.4,114.7,TRUE,FALSE
542,2018,Oklahoma City Thunder,82,19855,41.1,90.6,0.454,11,31.5,0.348,30.1,59.1,0.51,17.2,24.1,0.713,12.1,34.2,46.3,22.5,9,5,13.5,21.6,110.3,TRUE,FALSE
543,2018,Toronto Raptors,82,19880,41.7,88.1,0.474,12.2,33.4,0.366,29.5,54.7,0.539,17.5,21.7,0.804,9.5,35.2,44.7,25.1,8.2,5.3,13.9,20.8,113.1,TRUE,TRUE
544,2018,Sacramento Kings,82,19730,41.8,90.1,0.464,10.9,29,0.378,30.8,61.1,0.504,16,22,0.726,10.7,33.2,43.9,24.6,8,4.3,12.9,20.7,110.4,FALSE,FALSE
545,2018,Washington Wizards,82,19930,41.1,87.8,0.468,11,32.4,0.341,30,55.3,0.543,17.9,23.3,0.768,9.4,31.8,41.3,25.6,8.1,4.5,13.7,20.2,111.1,FALSE,FALSE
546,2018,Houston Rockets,82,19830,39.8,88.6,0.449,16.4,46,0.356,23.4,42.6,0.551,19.6,24.7,0.791,10.3,32.3,42.7,21.5,8.7,5,13.5,22.3,115.5,TRUE,FALSE
547,2018,Atlanta Hawks,82,19855,39.5,87.6,0.451,12.4,35.3,0.352,27.1,52.2,0.518,16.8,22.3,0.752,11.1,32.9,44,24.6,7.9,4.9,16.3,22.5,108.1,FALSE,FALSE
548,2018,Minnesota Timberwolves,82,19830,41.2,90.4,0.456,10,28.5,0.351,31.2,61.9,0.504,19,24.1,0.787,11.2,33.2,44.4,24.4,8.3,5,13,20.1,111.4,FALSE,FALSE
549,2018,Boston Celtics,82,19780,42,90.4,0.465,12.6,34.4,0.365,29.5,55.9,0.527,15.6,19.5,0.802,9.8,34.7,44.5,26.2,8.6,5.3,12.8,20.3,112.2,TRUE,FALSE
550,2018,Brooklyn Nets,82,19980,39.3,87.6,0.449,12.5,35.3,0.353,26.8,52.3,0.513,18.5,24.9,0.745,10.7,34.8,45.5,23.3,6.4,4,14.7,21,109.6,TRUE,FALSE
551,2018,Los Angeles Lakers,82,19780,41.1,87.3,0.47,10,29.9,0.333,31.1,57.4,0.541,15.7,22.5,0.699,9.8,35.1,44.9,24.7,7.3,5.2,15.1,20,107.8,FALSE,FALSE
552,2018,Utah Jazz,82,19755,40.1,85.8,0.468,12,33.8,0.356,28.1,52,0.541,18.7,25.3,0.736,9.9,36.1,46,25.8,8,5.8,15,20.9,110.9,TRUE,FALSE
553,2018,San Antonio Spurs,82,19805,42.8,89.4,0.478,10,25.5,0.392,32.7,63.8,0.513,17.4,21.2,0.819,9.3,35.9,45.2,24.8,6.2,4.8,12.2,18.3,112.9,TRUE,FALSE
554,2018,Charlotte Hornets,82,19830,40.4,90.3,0.448,12,34.1,0.351,28.4,56.1,0.507,18.5,23.2,0.797,10,34.1,44,23.4,7.2,5,12.3,19,111.4,FALSE,FALSE
555,2018,Denver Nuggets,82,19730,42.8,91.9,0.466,11.2,32,0.351,31.6,59.9,0.527,16.1,21.3,0.755,12.1,35.3,47.3,27.9,7.9,4.5,13.7,20.5,113,TRUE,FALSE
556,2018,Dallas Mavericks,82,19780,39,87.3,0.447,12.5,36.8,0.34,26.5,50.5,0.524,18.9,25.5,0.742,10.2,35.4,45.6,23.5,6.5,4.3,14.3,20.2,109.4,FALSE,FALSE
557,2018,Indiana Pacers,82,19705,42.1,88.6,0.475,9.7,25.8,0.374,32.4,62.7,0.517,16.1,21.4,0.752,9.5,34.3,43.8,26.4,8.8,5,13.9,19.8,109.9,TRUE,FALSE
558,2018,Phoenix Suns,82,19880,39.5,86,0.459,9.5,28.8,0.329,30,57.2,0.525,17.4,22.3,0.779,9,30.8,39.8,23.5,8.8,5,15.4,23.2,105.9,FALSE,FALSE
559,2018,Orlando Magic,82,19780,41,90.4,0.454,11.6,32.6,0.356,29.4,57.8,0.509,15.2,19.5,0.782,10.2,35.9,46.1,25.9,6.7,5.5,13.4,18.9,108.9,TRUE,FALSE
560,2018,Detroit Pistons,82,19855,39.5,89.9,0.44,12.3,35.4,0.348,27.2,54.4,0.5,17.6,23.5,0.747,11.6,34.2,45.8,22.9,7.1,4.1,14.1,22.5,109,TRUE,FALSE
561,2018,Miami Heat,82,19730,40.3,89.4,0.45,11.5,32.9,0.349,28.8,56.5,0.509,15.3,22.1,0.695,11.4,35.6,47.1,24.7,7.8,5.5,15,21.2,107.3,FALSE,FALSE
562,2018,Chicago Bulls,82,19905,39.8,87.8,0.453,9.1,25.9,0.351,30.7,61.9,0.496,16.2,20.6,0.783,8.7,34.1,42.8,21.9,7.3,4.3,14.1,20.3,104.8,FALSE,FALSE
563,2018,New York Knicks,82,19780,38.2,88.2,0.433,10,29.5,0.34,28.2,58.7,0.479,18.1,23.8,0.759,10.4,34.2,44.7,20.1,6.8,5.1,14,20.9,104.5,FALSE,FALSE
564,2018,Cleveland Cavaliers,82,19755,40.1,90.3,0.444,10.6,30,0.355,29.4,60.3,0.488,16.9,21.3,0.792,11,32.9,44,21.3,6.7,2.5,13.9,20.6,107.7,FALSE,FALSE
565,2018,Memphis Grizzlies,82,19880,38.9,86.5,0.45,10.1,29.6,0.342,28.8,56.9,0.505,18.2,23.5,0.772,9,33.8,42.8,24.5,8.5,5.6,14.3,22.5,106.1,FALSE,FALSE
566,2019,Dallas Mavericks,75,18175,41.5,90,0.461,15.1,41.1,0.367,26.4,48.9,0.541,18.5,23.8,0.779,10.5,36.3,46.8,24.6,6.1,4.8,12.7,19.4,116.7,TRUE,FALSE
567,2019,Milwaukee Bucks,73,17595,41,86.1,0.476,13.1,36.9,0.355,27.9,49.3,0.567,17.3,23.4,0.742,9,40,49,24.5,6.8,5.6,14.3,18.6,112.4,TRUE,FALSE
568,2019,Portland Trail Blazers,74,17835,41.7,90.2,0.463,12.7,33.7,0.377,29,56.4,0.514,17.5,21.8,0.804,10.1,34.7,44.8,20.4,6.2,6,12.6,21.5,113.7,TRUE,FALSE
569,2019,Houston Rockets,72,17380,39.1,86.7,0.451,15,43.4,0.345,24.1,43.3,0.557,19.8,25,0.791,9.4,33.1,42.4,20.7,8.3,4.9,14.1,20.8,112.9,TRUE,FALSE
570,2019,Los Angeles Clippers,72,17380,40.7,87.4,0.466,12.2,32.8,0.371,28.5,54.6,0.522,20.4,25.8,0.791,10.4,36.2,46.7,23.2,6.9,4.6,14.3,21.7,113.9,TRUE,FALSE
571,2019,New Orleans Pelicans,72,17430,40.7,87.6,0.465,13,35.3,0.37,27.6,52.3,0.528,16.3,22.4,0.729,10.6,33.9,44.4,25.6,7.2,4.8,15.7,20.2,110.7,FALSE,FALSE
572,2019,Phoenix Suns,73,17595,40.5,86.5,0.468,11.2,31.2,0.358,29.3,55.3,0.529,19.5,23.4,0.834,9.6,33.2,42.8,26.7,7.5,3.9,14.5,21.7,111.7,FALSE,FALSE
573,2019,Washington Wizards,72,17355,40.3,88.1,0.457,11.6,31.6,0.368,28.6,56.6,0.506,18.8,23.8,0.788,9.9,30.9,40.8,24.3,7.7,4.2,13.7,22,110.9,FALSE,FALSE
574,2019,Memphis Grizzlies,73,17570,41.3,88.1,0.468,10.6,30.5,0.347,30.7,57.6,0.532,16.1,21.1,0.763,10,35.1,45.1,26.1,7.7,5.3,14.8,20.5,109.2,FALSE,FALSE
575,2019,Boston Celtics,72,17430,41.1,89.3,0.461,12.5,34.4,0.364,28.6,54.8,0.522,18.5,23.1,0.801,10.6,35.3,45.9,22.9,8.2,5.6,13.8,21.5,113.3,TRUE,FALSE
576,2019,Miami Heat,73,17745,39.6,84.7,0.468,13.5,35.5,0.379,26.1,49.2,0.532,19.8,25.3,0.783,8.5,36,44.5,26,7.5,4.6,15,20.6,112.5,TRUE,FALSE
577,2019,Denver Nuggets,73,17745,42.7,90.4,0.473,11.2,31.1,0.359,31.6,59.2,0.533,16.5,21.3,0.777,10.9,33.9,44.9,27.2,8.2,4.7,14,20.7,113.1,TRUE,FALSE
578,2019,Toronto Raptors,72,17380,39.6,86.6,0.458,13.6,36.4,0.374,26,50.2,0.519,18.2,22.9,0.796,9.4,35.3,44.7,24.9,8.7,4.9,14.6,21.3,111.1,TRUE,FALSE
579,2019,San Antonio Spurs,71,17215,41.6,88.1,0.472,10.5,28,0.376,31,60.1,0.516,18.7,23.1,0.81,8.9,35.1,44,24.3,7.2,5.4,12.4,19.1,112.4,FALSE,FALSE
580,2019,Philadelphia 76ers,73,17595,41.3,88.4,0.468,11.7,31.8,0.368,29.6,56.6,0.524,17,22.6,0.755,10.5,35.2,45.7,26,8.1,5.4,14.3,21.1,111.3,TRUE,FALSE
581,2019,Los Angeles Lakers,71,17090,41.8,87.2,0.48,10.9,31.2,0.349,30.9,56,0.552,17.5,24,0.729,10.5,34.6,45.2,25.1,8.5,6.5,15,20.5,112,TRUE,TRUE
582,2019,Brooklyn Nets,72,17480,39.4,88,0.448,12.7,37.2,0.343,26.6,50.8,0.524,17.5,23.4,0.745,10.4,36.3,46.7,23.8,6.3,4.4,14.9,20.4,108.9,TRUE,FALSE
583,2019,Utah Jazz,72,17355,40.5,85.9,0.471,13.5,35.6,0.38,27,50.4,0.535,17.9,23,0.779,9.2,36.1,45.3,22.6,6.1,4.1,15.3,20.6,112.3,TRUE,FALSE
584,2019,Indiana Pacers,73,17620,42.3,88.9,0.476,10.2,28.2,0.363,32.1,60.7,0.529,15.1,19.2,0.787,8.8,34.3,43,26,7.5,5.2,13.3,19.9,110,TRUE,FALSE
585,2019,Oklahoma City Thunder,72,17430,40.1,85.8,0.468,10.7,30.3,0.355,29.4,55.6,0.529,19.8,24.9,0.796,8.3,34.8,43,21.8,7.7,4.9,13.7,19.4,110.8,TRUE,FALSE
586,2019,Sacramento Kings,72,17455,40.9,88.4,0.462,12.7,34.9,0.364,28.2,53.5,0.527,15.7,20.3,0.77,9.7,33,42.6,23.8,7.7,4.1,14.5,22.2,110.2,FALSE,FALSE
587,2019,Orlando Magic,73,17570,39.8,89.6,0.444,11.2,32.6,0.343,28.6,57,0.502,17.8,22.9,0.774,10.4,34.6,45,24.2,8.3,5.5,13,18.5,108.5,TRUE,FALSE
588,2019,Atlanta Hawks,67,16280,39,86.8,0.449,11.5,34.6,0.333,27.4,52.2,0.525,17.7,22.4,0.79,9.5,32,41.5,23,7.5,4.9,15.5,22.2,107.2,FALSE,FALSE
589,2019,Minnesota Timberwolves,64,15560,38.6,87.5,0.441,12.7,37.9,0.336,25.9,49.6,0.521,18.2,24.2,0.753,10.1,32.7,42.8,22.7,8.3,5.4,14.6,20.4,108.1,FALSE,FALSE
590,2019,Detroit Pistons,66,15965,40,87.2,0.459,12.2,33.2,0.367,27.8,53.9,0.515,16.9,22.7,0.743,9.9,32.5,42.4,24.5,7.5,4.6,15.5,20,109,FALSE,FALSE
591,2019,New York Knicks,66,15965,40.2,89.9,0.447,9.6,28.5,0.337,30.6,61.4,0.499,16.4,23.6,0.694,12.1,34.7,46.8,22.2,7.7,4.8,14.4,22.3,106.5,FALSE,FALSE
592,2019,Cleveland Cavaliers,65,15725,40.5,88.4,0.458,11.2,32,0.351,29.3,56.4,0.519,15.2,20,0.758,10.9,33.6,44.5,23.2,6.9,3.3,16.6,18.4,107.5,FALSE,FALSE
593,2019,Chicago Bulls,65,15675,39.5,88.5,0.447,12.2,35.1,0.348,27.3,53.5,0.511,15.5,20.5,0.755,10.4,31.4,41.8,23.2,10,4.1,15.4,21.8,106.7,FALSE,FALSE
594,2019,Golden State Warriors,65,15725,38.2,87.2,0.438,10.3,30.9,0.334,27.9,56.3,0.495,18.5,23,0.803,9.8,32.5,42.4,25.3,8.1,4.5,14.7,19.8,105.2,FALSE,FALSE
595,2019,Charlotte Hornets,65,15750,38.6,88.8,0.434,12.5,35.5,0.352,26.1,53.4,0.489,16.7,22.4,0.748,11.4,32.9,44.2,24.6,6.8,4.3,15.1,19.5,106.3,FALSE,FALSE
