Year,Team,G,MP,FG,FGA,FG%,3P,3PA,3P%,2P,2PA,2P%,FT,FTA,FT%,ORB,DRB,TRB,AST,STL,BLK,TOV,PF,PTS,Playoffs2,Championship
2000,New York Knicks,82,19905,35.7,85.7,0.417,6.2,17.6,0.352,29.5,68.1,0.434,20.6,28,0.733,12.1,33.6,45.8,21.9,8.3,4.7,16.9,24.4,98.2,TRUE,FALSE
2000,Miami Heat,82,19880,37.4,86.8,0.431,5,15.1,0.331,32.5,71.7,0.452,18.6,25.2,0.737,12.7,35,47.7,19.7,8.3,5.9,17.7,25.3,98.5,TRUE,FALSE
2000,San Antonio Spurs,82,19830,38.3,91.5,0.419,4.6,14.1,0.329,33.7,77.4,0.435,16.7,22.5,0.741,13.1,32.9,45.9,21.8,8.1,5.8,15,26.3,98,TRUE,FALSE
2000,Charlotte Hornets,82,19880,37.4,87.8,0.426,5.3,14.6,0.36,32.1,73.2,0.439,19.5,25.8,0.756,12,32.9,44.9,23.6,8.3,5.1,16.3,23.9,99.5,TRUE,FALSE
2000,Philadelphia 76ers,82,19855,38.3,89.4,0.429,5.7,16.7,0.342,32.6,72.7,0.448,16.6,22.1,0.749,13.1,31.6,44.7,23.6,9,6.1,16.8,25.9,98.9,TRUE,FALSE
2000,Portland Trail Blazers,82,19780,38.4,87.6,0.438,5.5,15,0.368,32.8,72.6,0.452,19.5,26.3,0.744,12.9,30.5,43.3,23.8,8.8,4.4,16.6,23.7,101.8,TRUE,FALSE
2000,Phoenix Suns,82,19805,36.3,83.6,0.435,4.3,12.2,0.349,32.1,71.4,0.449,21.1,27.7,0.761,11.7,33.7,45.4,21.5,8.9,5.4,18.6,23.7,98,TRUE,FALSE
2000,Utah Jazz,82,19780,36.1,82.1,0.439,5.5,16.1,0.343,30.5,66,0.462,24.7,32.3,0.765,11.8,29.5,41.3,21.1,9.4,6.1,17.8,27.1,102.4,TRUE,FALSE
2000,Indiana Pacers,82,19980,38,89.8,0.423,5.1,15.1,0.336,32.9,74.7,0.441,21.1,27.9,0.758,14,33.5,47.5,22.8,7.9,5.2,15,25.3,102.2,TRUE,FALSE
2000,Houston Rockets,82,19830,40.4,90.1,0.449,4.8,13.6,0.354,35.6,76.6,0.465,18.5,24.9,0.744,13.2,32.4,45.6,23.2,8.1,5.4,14.6,23.7,104.2,FALSE,FALSE
2000,Los Angeles Clippers,82,20030,40,90.9,0.44,4.7,14.4,0.329,35.3,76.5,0.461,19.7,26.5,0.743,13.9,32.6,46.5,23.9,8.5,5.5,14,24,104.5,FALSE,FALSE
2000,Toronto Raptors,82,19955,39.8,88.9,0.447,5,13.8,0.363,34.8,75.1,0.463,18.8,25,0.754,12.2,33.2,45.5,22.4,7.4,5.8,15.3,23.7,103.4,TRUE,FALSE
2000,Sacramento Kings,82,20080,39.1,90.4,0.432,5.1,14.3,0.355,34,76.1,0.447,16.3,21.8,0.749,14.2,33.5,47.7,23,8.4,6,16.9,22.4,99.6,TRUE,FALSE
2000,Minnesota Timberwolves,82,19830,39.2,86.8,0.452,4.6,13.1,0.351,34.6,73.7,0.47,20.7,28.5,0.724,12.7,33,45.8,24.2,7.7,4.7,16.4,21.8,103.7,TRUE,FALSE
2000,Atlanta Hawks,82,19730,38.7,87.4,0.442,5.2,14.3,0.367,33.4,73.1,0.457,21.8,28.5,0.765,13.6,33.5,47.1,23,9.2,6.8,16,22.4,104.3,FALSE,FALSE
2000,Dallas Mavericks,82,19805,38.2,87,0.439,5,14.8,0.334,33.2,72.2,0.46,21.2,29,0.731,13.9,34.1,48,23.1,8.1,4.9,16.6,24,102.6,TRUE,FALSE
2000,Cleveland Cavaliers,82,19830,38.8,87.3,0.445,5.6,15.3,0.365,33.2,72,0.462,21.7,28.2,0.768,13.1,31.8,45,24.9,9.2,7.2,16.3,24,104.9,FALSE,FALSE
2000,Orlando Magic,82,19955,36.5,83.9,0.435,4.7,13.7,0.346,31.8,70.2,0.453,24.3,33.1,0.735,13.7,33.7,47.4,23.1,9,5.7,18.2,25.1,102.1,TRUE,FALSE
2000,Chicago Bulls,82,19855,40.4,85.7,0.472,4.7,13.2,0.356,35.7,72.5,0.493,21.7,29.8,0.73,13,34.5,47.5,26.1,8.6,5.8,16.5,23.7,107.3,FALSE,FALSE
2000,Boston Celtics,82,19830,38.4,83.6,0.459,5.6,15.3,0.368,32.8,68.3,0.48,21.4,28.5,0.75,11.6,34.6,46.3,24.6,8.5,5.8,18.3,24.9,103.7,FALSE,FALSE
2000,Milwaukee Bucks,82,19780,38.3,87.3,0.439,5.8,16.4,0.352,32.6,70.8,0.46,22.1,28.8,0.768,13.4,32.8,46.1,24.8,7.8,4.6,16.8,23.4,104.6,TRUE,FALSE
2000,New Jersey Nets,82,19730,38.9,85.5,0.455,5.7,15.7,0.36,33.2,69.7,0.477,22,29.6,0.746,13.3,34.7,48,24.4,8.2,6.9,17.3,23.9,105.5,FALSE,FALSE
2000,Los Angeles Lakers,82,19905,39.2,89.6,0.438,5.4,15.3,0.354,33.8,74.2,0.455,21,27.8,0.754,12.9,31.6,44.5,21.8,8.1,4.3,14.1,26.3,104.8,TRUE,TRUE
2000,Seattle SuperSonics,82,19805,40.7,89.8,0.453,6.2,17.9,0.349,34.5,71.9,0.48,17.9,24.1,0.742,13.8,32.2,46,25.9,8.6,6.7,16.3,24,105.6,FALSE,FALSE
2000,Detroit Pistons,82,19855,38,87.4,0.434,5.5,15.7,0.348,32.5,71.7,0.453,20.4,27.7,0.736,12.9,34.1,47,23.7,8.5,5.1,16.3,26.3,101.8,FALSE,FALSE
2000,Vancouver Grizzlies,82,19780,41.6,89.9,0.463,5.1,14.2,0.362,36.4,75.7,0.482,17.4,23.8,0.732,13.9,33.5,47.5,25.6,9.4,6.3,16.1,23.4,105.8,FALSE,FALSE
2000,Denver Nuggets,82,19780,40.4,90.5,0.446,5.4,15.3,0.356,34.9,75.3,0.464,20.2,26.8,0.753,13.3,34.6,47.9,26.7,7.7,6.5,14.1,23,106.3,FALSE,FALSE
2000,Washington Wizards,82,19680,40.8,86.8,0.47,5.7,14.4,0.396,35.1,72.4,0.485,20.5,27.5,0.747,12.3,31.7,44,25,9.1,6.7,16.2,26,107.8,FALSE,FALSE
2000,Golden State Warriors,82,19780,41,86.9,0.472,5.7,14.9,0.379,35.3,72,0.491,19.7,25.9,0.76,13.4,34.7,48.1,26.4,9.3,6.4,17.4,22.8,107.4,FALSE,FALSE
2001,Miami Heat,82,19930,36.7,86.5,0.425,5.2,15.3,0.342,31.5,71.2,0.442,21.6,29.3,0.736,12.3,34.2,46.5,20.1,8.5,4.9,15.6,23.5,100.2,FALSE,FALSE
2001,Philadelphia 76ers,82,19730,37.9,89,0.426,6,18.1,0.331,31.9,70.9,0.451,18.5,24.6,0.751,13.4,32.1,45.6,24.2,9,6.3,16.5,25,100.3,TRUE,FALSE
2001,San Antonio Spurs,82,19855,38.7,91,0.426,5,14.9,0.338,33.7,76.1,0.443,17.2,22.2,0.777,13.5,32.6,46.1,20.7,8.5,5.7,16,25.5,99.7,TRUE,FALSE
2001,Toronto Raptors,82,19755,38.6,87.5,0.441,5.2,14.9,0.346,33.4,72.6,0.461,20.7,27.5,0.752,13.6,33.3,47,22.3,8.6,5.4,17.1,22.1,103.1,TRUE,FALSE
2001,New Jersey Nets,82,19830,37.7,87.9,0.429,5.4,15.5,0.348,32.3,72.4,0.446,18.8,24.9,0.753,13.2,33.2,46.4,20.6,8.8,5.8,17.4,22,99.5,TRUE,FALSE
2001,Detroit Pistons,82,19680,39.6,88.7,0.447,4.9,13.5,0.362,34.8,75.2,0.462,18.3,24.2,0.755,13.4,34,47.4,22.2,8.8,4.5,17.2,25.4,102.4,TRUE,FALSE
2001,Charlotte Hornets,82,19755,38.6,89.3,0.432,5.9,15.7,0.375,32.7,73.7,0.444,20.2,26.3,0.768,13,32.5,45.6,22.2,8.5,5.7,15.4,23.1,103.3,TRUE,FALSE
2001,Portland Trail Blazers,82,19830,40,88.2,0.453,6.3,17.4,0.363,33.7,70.8,0.476,17.8,24,0.741,12.1,31.5,43.6,26.3,8.3,5.6,16.4,22.4,104,TRUE,FALSE
2001,Boston Celtics,82,19830,36.6,86.1,0.425,6.7,19.8,0.34,29.9,66.3,0.45,21.1,27.4,0.771,12.5,36.7,49.2,23.6,8.2,6.2,17.5,22.7,101,TRUE,FALSE
2001,Los Angeles Lakers,82,19780,37.8,89.3,0.424,5.3,16.6,0.317,32.6,72.7,0.448,20.8,27.3,0.761,13.4,33.3,46.7,21.6,7.7,4.7,15.1,24.9,101.7,TRUE,TRUE
2001,Washington Wizards,82,19730,40.7,90,0.452,5.8,16.4,0.354,34.9,73.6,0.474,19.2,25.5,0.755,13.2,32.7,45.9,25,7.9,5.7,15.1,23.6,106.4,FALSE,FALSE
2001,Seattle SuperSonics,82,19830,40.3,89.8,0.449,6.4,18.7,0.344,33.9,71.1,0.477,18.5,25.1,0.739,14.8,31.6,46.4,24.9,7.7,5.4,17,22.1,105.6,TRUE,FALSE
2001,Utah Jazz,82,19830,37.2,83.4,0.447,6.2,16.3,0.383,31,67.1,0.462,23.9,31,0.771,12.4,29.6,42,21.3,10,7.3,18.4,27.7,104.6,TRUE,FALSE
2001,New York Knicks,82,19805,39.5,88.7,0.445,6,17,0.353,33.5,71.8,0.467,20.9,27.6,0.757,13,34.3,47.3,23.8,9.3,5.2,14.9,22.6,105.9,FALSE,FALSE
2001,Phoenix Suns,82,19830,39.1,88.2,0.444,5.7,16,0.358,33.4,72.2,0.463,20,26.6,0.751,13.6,33,46.6,24.1,9.1,6.3,16.7,20.1,104,FALSE,FALSE
2001,Minnesota Timberwolves,82,19805,39.7,89.1,0.445,6.6,17.7,0.372,33.1,71.4,0.463,19.4,26.2,0.742,12.2,31.1,43.3,24.8,7.3,5.4,14.7,22.4,105.3,TRUE,FALSE
2001,Los Angeles Clippers,82,19805,41.3,92.4,0.448,5.5,15.4,0.355,35.9,77,0.466,17.9,24,0.745,14.3,32,46.3,25,8.2,5.9,14.2,23.9,106,FALSE,FALSE
2001,Indiana Pacers,82,19905,39,89.2,0.438,5.5,15.7,0.348,33.6,73.4,0.457,20.2,27,0.749,13.7,33,46.7,23.2,8.1,6.1,15.4,24.3,103.8,TRUE,FALSE
2001,Sacramento Kings,82,19755,39.8,90.4,0.44,4.9,14.6,0.337,34.9,75.8,0.46,16.7,22.4,0.744,13.5,33.3,46.8,23.4,8,4.9,15.8,23.2,101.1,TRUE,FALSE
2001,Houston Rockets,82,19980,43.5,93.6,0.464,5,14,0.36,38.4,79.6,0.482,16.6,22.1,0.752,14.2,34.1,48.4,25,7.8,5.7,13.5,22.4,108.6,FALSE,FALSE
2001,Memphis Grizzlies,82,19780,41.5,90.9,0.457,5.3,14.8,0.358,36.2,76.1,0.476,17.9,23.8,0.753,15.1,34.1,49.2,26.1,10.4,6.1,16.1,23.8,106.3,FALSE,FALSE
2001,Milwaukee Bucks,82,19905,40.3,91.5,0.441,6.6,18.4,0.358,33.7,73.1,0.461,19.9,26.3,0.757,14,32.6,46.6,25.2,8,4.8,14.1,21.9,107.1,FALSE,FALSE
2001,Chicago Bulls,82,19805,40.5,87.2,0.465,5.6,15.8,0.358,34.9,71.4,0.488,20.9,28,0.746,12.6,34.2,46.8,27.7,9.1,5.3,15.8,23,107.6,FALSE,FALSE
2001,Denver Nuggets,82,19805,40.3,87.7,0.459,5.7,15.7,0.361,34.6,72,0.481,21.5,28.8,0.747,13.3,33.9,47.3,26.4,9,7.5,15.7,22.1,107.8,FALSE,FALSE
2001,Atlanta Hawks,82,19780,40.5,88.2,0.459,6.2,17.6,0.355,34.2,70.6,0.485,19.2,25.8,0.744,13.3,33.3,46.6,24.5,9.3,6.7,16.4,21.8,106.4,FALSE,FALSE
2001,Cleveland Cavaliers,82,19855,40.9,89.4,0.457,6.3,16.1,0.394,34.5,73.3,0.471,20.2,27,0.748,12.4,31.9,44.3,26.6,8.1,6.1,14.2,21.9,108.2,FALSE,FALSE
2001,Orlando Magic,82,19830,40.5,88.7,0.456,5.3,15.1,0.352,35.2,73.6,0.478,19.1,25.9,0.737,14.1,34.2,48.3,25.1,8.6,5,16.8,22.6,105.3,TRUE,FALSE
2001,Dallas Mavericks,82,19880,40.2,89.1,0.452,5.9,16.8,0.35,34.4,72.3,0.475,21.3,28.4,0.751,13.8,33.8,47.7,24.3,7.7,4.9,15,23.3,107.7,TRUE,FALSE
2001,Golden State Warriors,82,19780,41.2,89.8,0.459,5.2,14.9,0.348,36.1,74.9,0.482,20.8,27.3,0.763,14.1,31.5,45.6,25.7,9.1,6.6,15.1,25,108.5,FALSE,FALSE
2002,Detroit Pistons,82,19905,38.1,87.1,0.438,4,11.7,0.344,34.1,75.4,0.452,19.6,26.3,0.746,11.9,35.1,47.1,20.9,7.9,4.9,16,26.5,99.9,TRUE,FALSE
2002,New Jersey Nets,82,19755,36.6,85.7,0.427,5.6,15.7,0.359,30.9,70,0.442,19.3,25.8,0.749,12.4,32.7,45,21.3,9.2,5.6,18,24.9,98.1,TRUE,FALSE
2002,San Antonio Spurs,82,19830,38.5,90.1,0.427,4.8,14,0.339,33.7,76.1,0.443,17.9,23.4,0.768,13.8,31.2,45.1,21,8.9,5.7,16.6,25.7,99.7,TRUE,TRUE
2002,Miami Heat,82,19830,37.4,85.5,0.437,5.6,15.8,0.353,31.8,69.7,0.456,22,29.3,0.751,12,35.6,47.7,20.4,8.6,6,16.2,23,102.4,FALSE,FALSE
2002,New Orleans Hornets,82,19905,38.6,88,0.438,4.6,13.5,0.338,34,74.4,0.457,19.9,26,0.766,12.3,32,44.2,22,8.7,5.8,16.1,23.7,101.6,TRUE,FALSE
2002,Seattle SuperSonics,82,19855,39.4,88.2,0.447,6.5,18.8,0.344,32.9,69.4,0.475,18.5,25,0.742,12.9,33.8,46.7,23.4,6.9,5.6,16.6,22.9,103.9,FALSE,FALSE
2002,Utah Jazz,82,19780,37.4,86.2,0.434,5.9,17,0.349,31.4,69.2,0.454,22.1,29.1,0.759,13.7,28.8,42.5,21.8,9.8,5.8,17.7,26.5,102.8,TRUE,FALSE
2002,Houston Rockets,82,19930,39.2,90.6,0.433,5.2,15.1,0.347,34,75.5,0.45,19,24.5,0.775,13.3,31.9,45.2,22.8,9,5.2,14.7,24.3,102.6,FALSE,FALSE
2002,Denver Nuggets,82,19730,36,81.3,0.443,5.6,15.2,0.37,30.4,66.2,0.46,23.6,31.2,0.757,11.5,32.6,44.2,23.6,9.9,7.2,18.8,23.9,101.3,FALSE,FALSE
2002,Washington Wizards,82,19830,39.5,89.3,0.442,6.2,17.1,0.362,33.3,72.3,0.461,19,24.6,0.771,13,33.6,46.6,24.4,8.4,4.9,16.1,24.8,104.1,FALSE,FALSE
2002,Portland Trail Blazers,82,19855,39.8,88.4,0.45,5.9,17.4,0.341,33.9,71.1,0.476,17.1,22.4,0.764,12.3,31,43.3,25.2,9.2,5.3,17.2,22.6,102.6,TRUE,FALSE
2002,Boston Celtics,82,19830,37.3,85.9,0.435,6.2,18.6,0.331,31.2,67.3,0.464,20.8,27.8,0.749,12.5,36.6,49.1,24.3,8.2,4.9,17.5,23.9,101.6,TRUE,FALSE
2002,Indiana Pacers,82,19905,37.7,88.1,0.428,5.4,15.8,0.34,32.3,72.3,0.447,20.1,26.2,0.767,13.2,32.4,45.6,22.3,8.2,6.8,16.6,25.3,100.8,TRUE,FALSE
2002,Phoenix Suns,82,19805,38.6,88.1,0.438,5.8,18,0.32,32.8,70.1,0.468,19.6,25.6,0.766,13.6,32.9,46.6,24.1,8.5,6,17.3,23.3,102.5,TRUE,FALSE
2002,Philadelphia 76ers,82,19855,38,84.1,0.452,6,16.9,0.354,32,67.2,0.476,20.5,26.9,0.76,12,31.7,43.7,23.9,8.4,6.9,18.6,24.9,102.5,TRUE,FALSE
2002,Dallas Mavericks,82,19780,38.4,87.7,0.438,6.3,18.4,0.34,32.1,69.3,0.463,19.4,26.6,0.727,13.7,35.2,48.9,23.4,7.2,4.2,17.3,22.9,102.3,TRUE,FALSE
2002,Sacramento Kings,82,19830,38,90.4,0.42,4.7,14.8,0.32,33.2,75.6,0.439,18.5,24.9,0.741,14.5,33.2,47.7,22.3,8.7,4.5,16,20.7,99.1,TRUE,FALSE
2002,Minnesota Timberwolves,82,19805,39.6,90.6,0.437,6.2,18,0.347,33.4,72.6,0.46,18.4,24.4,0.752,12.8,32.2,45.1,24.7,7.5,5.3,14.7,22.2,103.8,TRUE,FALSE
2002,Toronto Raptors,82,19805,41,88.9,0.461,5,13.3,0.375,36,75.6,0.476,20.1,26.5,0.759,13.2,35.1,48.2,23.3,8.1,5.5,15.2,23,107,FALSE,FALSE
2002,New York Knicks,82,19855,39.4,86.3,0.457,4.8,14,0.34,34.7,72.3,0.48,22.5,29.2,0.771,12.5,34.8,47.3,23.1,8.4,4.1,15.7,21.7,106.2,FALSE,FALSE
2002,Atlanta Hawks,82,19905,40,91.6,0.437,5.9,16.5,0.359,34.1,75.1,0.454,20.3,26.7,0.76,14.2,32.1,46.3,23.5,9.8,5.4,14.2,22.1,106.1,FALSE,FALSE
2002,Los Angeles Clippers,82,19755,40.4,90.3,0.447,6,16.5,0.365,34.3,73.7,0.466,20,25.9,0.774,13.9,32.7,46.6,24.5,8.7,5.6,15.3,24.5,106.8,FALSE,FALSE
2002,Los Angeles Lakers,82,19930,38.8,87.6,0.443,6.1,15.9,0.38,32.7,71.6,0.456,21.1,27.8,0.76,12.5,32.5,45,22.8,8.4,4,15.5,24.9,104.7,TRUE,FALSE
2002,Orlando Magic,82,19805,39.1,85.9,0.455,5.3,15.8,0.334,33.9,70.2,0.483,21.5,28,0.767,12.6,33.8,46.4,23.9,8.4,5.4,17.5,23.7,105,TRUE,FALSE
2002,Milwaukee Bucks,82,19905,40.6,88.6,0.458,6.4,17,0.375,34.2,71.6,0.478,21,28.2,0.745,13.6,33.9,47.5,25.2,7.2,4.4,15.8,22.5,108.6,TRUE,FALSE
2002,Chicago Bulls,82,19930,38.5,87.8,0.439,5.5,17.2,0.323,33,70.6,0.467,23.1,30.8,0.749,14.4,33.1,47.5,25.1,9.9,5.3,15.5,23.1,105.6,FALSE,FALSE
2002,Memphis Grizzlies,82,19930,41.9,91.1,0.46,5.6,15.4,0.363,36.3,75.6,0.48,17.9,23.6,0.759,14.6,33.2,47.8,25.9,9.3,5.6,15.8,23.2,107.3,FALSE,FALSE
2002,Cleveland Cavaliers,82,19830,39.6,87.4,0.453,5.5,15.4,0.358,34.1,72,0.473,22,28.6,0.772,12,32.1,44.1,25.4,10.3,6.4,15,22,106.7,FALSE,FALSE
2002,Golden State Warriors,82,19755,41.8,92.5,0.452,5.6,15.2,0.372,36.1,77.3,0.467,20.3,26.9,0.756,15.5,30.8,46.3,24.9,9.2,6.3,14.5,25,109.5,FALSE,FALSE
2003,San Antonio Spurs,82,19755,35.6,87,0.409,4.2,13,0.327,31.4,74.1,0.423,18.7,25.1,0.744,12.4,33.5,45.9,19.3,8.6,5.2,17.1,25,94.1,TRUE,FALSE
2003,Detroit Pistons,82,19780,36.4,88.1,0.413,4.9,16.3,0.302,31.4,71.8,0.438,17.8,23.9,0.744,13.5,32.5,46,21.6,9,5.7,18.1,25.9,95.4,TRUE,TRUE
2003,Indiana Pacers,82,19805,37,85.6,0.432,4.6,14,0.324,32.4,71.5,0.453,18.7,24.9,0.75,12,33.6,45.6,22.8,8.1,7.1,18,24.8,97.2,TRUE,FALSE
2003,New Jersey Nets,82,19705,36.7,85.8,0.427,5.7,16.2,0.35,31,69.6,0.445,19,24.9,0.761,11.9,33.7,45.5,22.2,8.9,5.1,18,23.7,98,TRUE,FALSE
2003,Houston Rockets,82,19930,36.1,87.8,0.412,6.3,16.8,0.372,29.9,71,0.421,20.4,27.8,0.737,12.4,32.2,44.7,23.2,9.7,4.9,15.1,23.2,99,TRUE,FALSE
2003,Toronto Raptors,82,19980,37.7,88.1,0.428,3.8,12.3,0.307,33.9,75.8,0.447,21.3,28.4,0.747,14.3,36.8,51.2,21,8.2,4.6,16.6,22.4,100.4,FALSE,FALSE
2003,Minnesota Timberwolves,82,19755,37.4,90.5,0.414,5.4,16.1,0.334,32,74.3,0.431,19.5,25.8,0.753,13.7,32.8,46.4,23.2,7.5,4,15.1,22.6,99.7,TRUE,FALSE
2003,Miami Heat,82,19755,36.7,85.7,0.428,6,17.3,0.343,30.8,68.4,0.45,22.3,29,0.768,12.3,34.3,46.7,21.1,8,6.1,16.7,23.9,101.7,TRUE,FALSE
2003,Utah Jazz,82,19780,35.6,82.4,0.432,5.8,16.9,0.343,29.8,65.4,0.455,26.3,34.1,0.771,12.2,29.9,42,21.4,9.3,7.4,17.7,28,103.3,FALSE,FALSE
2003,Philadelphia 76ers,82,19855,37.8,87.5,0.432,6.1,18.2,0.333,31.7,69.2,0.458,20.2,27.2,0.744,13.7,32.9,46.6,24,9.3,6.4,17.1,24.1,101.9,FALSE,FALSE
2003,New Orleans Hornets,82,19830,38.6,87.5,0.441,6,17.7,0.341,32.6,69.8,0.467,19.1,25.5,0.75,13.2,33.6,46.8,24.3,8.3,5.8,17.4,23.6,102.4,TRUE,FALSE
2003,Portland Trail Blazers,82,19980,41.2,91.5,0.45,5.8,17,0.341,35.3,74.5,0.475,17,22.5,0.753,14.2,31.9,46.1,26.6,9.2,5.4,15.6,21.4,105.1,FALSE,FALSE
2003,New York Knicks,82,19880,37.6,87.5,0.429,5.6,16.6,0.338,32,71,0.45,22.6,29.6,0.763,12.8,33,45.8,22.6,9.1,5.2,15.3,21.6,103.3,TRUE,FALSE
2003,Golden State Warriors,82,19855,39.7,89.3,0.445,5.6,14.9,0.374,34.1,74.4,0.459,18.8,25.2,0.746,13.2,34.1,47.3,23.7,9,5.6,15.4,24.2,103.8,FALSE,FALSE
2003,Memphis Grizzlies,82,19880,37.8,86.6,0.436,4.9,14.4,0.338,32.9,72.1,0.456,21.7,28.4,0.764,14.5,33.1,47.7,22.1,8.9,6.1,18.4,25,102.2,TRUE,FALSE
2003,Los Angeles Lakers,82,19855,38.2,87,0.44,5.5,16.3,0.337,32.7,70.6,0.464,19.3,25.7,0.749,12.1,33.5,45.6,22.4,8.1,4,16.4,26.5,101.3,TRUE,FALSE
2003,Cleveland Cavaliers,82,19855,39.3,89.9,0.437,5.7,15.5,0.371,33.6,74.5,0.451,19.8,26.5,0.749,12.9,32.9,45.9,23.7,8.4,5.8,14.3,22,104.2,FALSE,FALSE
2003,Chicago Bulls,82,19830,37.8,86.8,0.436,5.8,16.2,0.355,32.1,70.6,0.454,22,29.4,0.748,13.3,35.2,48.5,24.8,9.1,5.9,16.4,22.1,103.4,FALSE,FALSE
2003,Denver Nuggets,82,19730,39.3,86.8,0.453,4.9,13.8,0.356,34.4,73.1,0.471,19.2,26.3,0.728,13.8,32.1,45.9,25.2,8.7,6.2,18.2,24.7,102.7,TRUE,FALSE
2003,Boston Celtics,82,19705,37.8,86.6,0.437,7.3,20.1,0.362,30.6,66.6,0.459,20.7,28.2,0.736,14,33,47,24.6,9.4,5.3,18.4,23.8,103.7,TRUE,FALSE
2003,Milwaukee Bucks,82,19780,40.2,89,0.452,6,17.2,0.352,34.2,71.9,0.475,18.9,25.6,0.739,13,33.4,46.4,24.8,8.1,5.4,15.4,24.9,105.4,TRUE,FALSE
2003,Washington Wizards,82,19830,40.2,88.4,0.454,5.6,16.2,0.342,34.6,72.2,0.479,18.9,24.6,0.771,13.7,33.1,46.8,25.8,10.3,5.9,17.3,23.4,104.8,FALSE,FALSE
2003,Atlanta Hawks,82,19905,39.4,89.5,0.44,6.4,17.9,0.358,33,71.6,0.461,20.9,27.5,0.76,13.9,33,46.9,23.9,9.7,5.5,15.3,22.6,106.1,FALSE,FALSE
2003,Seattle SuperSonics,82,19805,40.2,89.2,0.45,6.5,18.8,0.349,33.6,70.4,0.477,21.2,27.3,0.774,14.4,32.7,47.1,23.3,8.5,5.2,16.3,22.3,108,FALSE,FALSE
2003,Sacramento Kings,82,19780,41.1,90.5,0.454,5.3,15.8,0.339,35.7,74.7,0.478,17.4,23.3,0.749,14.1,33,47.1,22.8,8.5,5.4,16,23.8,104.9,TRUE,FALSE
2003,Phoenix Suns,82,19730,39.1,87.6,0.446,6.3,18,0.349,32.8,69.6,0.471,21,27.5,0.765,13.6,33.5,47.1,23.1,8.5,5.7,17.1,20.9,105.5,FALSE,FALSE
2003,Los Angeles Clippers,82,19805,41,89.1,0.46,6,16.7,0.36,34.9,72.4,0.483,20.6,27.8,0.741,13.8,31.4,45.2,25,9.2,5.8,14.9,24.8,108.5,FALSE,FALSE
2003,Dallas Mavericks,82,19805,40.7,88.7,0.459,6.9,19.1,0.363,33.8,69.6,0.486,19,25.5,0.746,13.1,33.3,46.4,25.2,7.6,5,16.1,22,107.4,TRUE,FALSE
2003,Orlando Magic,82,19830,42.2,90.6,0.466,6.5,17.3,0.377,35.7,73.3,0.487,19.4,26.2,0.742,14.3,34.2,48.5,26.7,8.3,6,14.8,22.5,110.4,FALSE,FALSE
2004,San Antonio Spurs,82,19805,37,86.7,0.426,4.4,12,0.367,32.6,74.7,0.436,20.5,26.6,0.768,12.2,32.7,44.9,18.9,8.1,5.7,16.9,25.8,98.8,TRUE,TRUE
2004,Detroit Pistons,82,19955,38.5,89.6,0.43,5.7,16.7,0.338,32.8,72.9,0.451,18.5,24.7,0.751,12.8,32,44.8,22.3,8.4,5.1,15.7,25.5,101.2,TRUE,FALSE
2004,Houston Rockets,82,19855,37,87.5,0.423,6.2,18.3,0.338,30.9,69.2,0.446,21.4,28.8,0.742,12.1,33.3,45.4,23.1,8.3,4.6,14.8,24.1,101.7,TRUE,FALSE
2004,Memphis Grizzlies,82,19705,37,85.6,0.432,5.9,16.7,0.351,31.1,68.8,0.452,23.1,30,0.771,13.7,32.9,46.5,22.5,8.4,6.6,17.9,25.5,102.9,TRUE,FALSE
2004,Indiana Pacers,82,19905,38.3,86.9,0.44,5.4,14.8,0.365,32.9,72.1,0.456,22.6,30.5,0.743,13.4,33.4,46.9,21.3,7.6,5.5,15.8,26,104.6,TRUE,FALSE
2004,New Jersey Nets,82,19905,36.7,83.5,0.439,6.6,17.8,0.368,30.1,65.6,0.459,23.2,31.2,0.744,11.8,33.9,45.7,22.5,8.1,5.4,17.4,25.5,103.1,TRUE,FALSE
2004,Chicago Bulls,82,19830,36.2,85.7,0.422,5.4,16.3,0.334,30.7,69.4,0.443,22.5,30.2,0.744,12.8,33,45.9,22.5,9,5.7,16.7,25.1,100.3,TRUE,FALSE
2004,Miami Heat,82,19980,37.9,88.7,0.427,5.8,16.8,0.348,32.1,71.9,0.446,21.4,28.2,0.76,12.2,31.7,43.9,21.4,8.1,3.5,14.4,26.7,103.1,TRUE,FALSE
2004,Minnesota Timberwolves,82,19755,40.5,92.4,0.438,6.4,17.6,0.363,34.1,74.8,0.456,19.3,25.6,0.752,14.1,32.2,46.2,24.3,7.4,4.4,13.1,22.2,106.6,FALSE,FALSE
2004,New Orleans Hornets,82,19930,39.2,86.6,0.452,6.8,18.5,0.367,32.4,68.1,0.475,22.6,29.2,0.775,13,34.2,47.2,24,8.7,6.2,16.1,23.8,107.7,FALSE,FALSE
2004,Cleveland Cavaliers,82,19855,39.2,86.8,0.452,5.7,15.1,0.376,33.6,71.7,0.468,21.6,28.8,0.75,12.6,31.3,43.9,23.4,7.4,5.6,16.3,23.8,105.7,FALSE,FALSE
2004,Los Angeles Clippers,82,20030,39.5,89,0.444,6.5,17.7,0.368,32.9,71.3,0.462,20.9,27.4,0.762,13.3,30.3,43.6,23.3,8.6,5.3,15.1,26,106.4,FALSE,FALSE
2004,Seattle SuperSonics,82,19755,40.5,88.2,0.459,6.5,18.2,0.357,34,70,0.486,22,29.4,0.749,12.9,30.1,42.9,23.5,7,5.4,15,26.9,109.6,TRUE,FALSE
2004,Dallas Mavericks,82,19730,38.6,88.1,0.438,5.9,17.9,0.33,32.7,70.1,0.466,21,27.9,0.754,14.1,32.4,46.4,22.5,7.7,5.2,16.8,24.9,104.1,TRUE,FALSE
2004,Portland Trail Blazers,82,19730,41.4,92.7,0.447,6,17.4,0.343,35.4,75.3,0.471,18.9,25.1,0.755,15.6,31.3,46.9,26,9.5,5.6,14.9,22.6,107.7,FALSE,FALSE
2004,Utah Jazz,82,19780,37.5,81.9,0.458,6.7,17.8,0.375,30.8,64.1,0.481,27.8,36.4,0.764,11.8,30.6,42.4,21.9,8.9,6.5,16.2,28.3,109.5,FALSE,FALSE
2004,Denver Nuggets,82,19755,38.3,85.8,0.447,6,17.4,0.345,32.3,68.4,0.472,21.2,28.4,0.746,12.7,31.7,44.4,23.1,8.3,5.9,17.4,25.5,103.9,TRUE,FALSE
2004,New York Knicks,82,19880,40,85.9,0.465,6.2,17,0.364,33.8,68.9,0.49,22.8,30.1,0.756,12.9,32.6,45.5,22.6,8,5.2,15.9,23.1,108.9,FALSE,FALSE
2004,Philadelphia 76ers,82,19855,37.3,84.3,0.443,7.2,19.9,0.362,30.1,64.4,0.468,22.5,29.3,0.767,12.1,33.9,46,23.9,8.7,4.9,17.7,24.6,104.3,TRUE,FALSE
2004,Milwaukee Bucks,82,19780,41.4,89.3,0.464,6.2,18,0.343,35.2,71.2,0.494,20.8,27,0.771,12.5,32.3,44.7,26.1,8.2,4.9,14.3,26.1,109.8,FALSE,FALSE
2004,Charlotte Bobcats,82,19880,39.4,85.1,0.463,5.8,16,0.361,33.7,69.1,0.487,22.9,29.8,0.767,12.5,33.8,46.4,23.1,8.2,5.8,17,24.3,107.5,FALSE,FALSE
2004,Boston Celtics,82,19880,38.3,86.2,0.444,6.3,17.7,0.356,32,68.5,0.467,23.6,31.4,0.753,13.4,31.4,44.9,24.1,9.2,5.2,16.5,25.1,106.6,TRUE,FALSE
2004,Washington Wizards,82,19780,40.3,87.8,0.459,6.8,18.6,0.364,33.5,69.1,0.485,20.1,26.5,0.762,13.2,32.6,45.9,24.5,7.6,5.4,17,25.9,107.5,TRUE,FALSE
2004,Golden State Warriors,82,19905,40.5,88.4,0.458,5.8,16,0.363,34.7,72.4,0.479,20.1,27,0.745,13.7,35.8,49.5,24,7.4,5.4,16.3,23,106.9,FALSE,FALSE
2004,Toronto Raptors,82,19805,41,87.7,0.467,5.7,16,0.356,35.3,71.7,0.492,21,28.3,0.744,13,35.6,48.5,23.7,6.6,4.7,15.5,23.5,108.7,FALSE,FALSE
2004,Sacramento Kings,82,19855,41.4,90.2,0.459,6.1,17.1,0.357,35.3,73.1,0.483,19.3,26.1,0.738,14.3,32.9,47.2,22.9,8.1,4.7,15.6,22.9,108.2,TRUE,FALSE
2004,Los Angeles Lakers,82,19780,42,92.5,0.453,7.3,20.3,0.361,34.6,72.2,0.479,20.1,25.8,0.78,13.7,32.8,46.4,26.7,8.4,5.6,12.9,24.2,111.4,FALSE,FALSE
2004,Orlando Magic,82,19705,39.6,87.8,0.451,5.7,16.6,0.343,33.9,71.2,0.477,22.4,29.6,0.754,13.2,31.2,44.4,22.5,9,4.6,15.3,24.7,107.3,FALSE,FALSE
2004,Atlanta Hawks,82,19855,40.3,84.5,0.476,6.2,16.3,0.379,34.1,68.2,0.5,24.4,31.7,0.77,11.9,32.8,44.8,23.8,9.5,6.4,16,23.5,111.1,FALSE,FALSE
2004,Phoenix Suns,82,19780,42.1,94.7,0.445,6.2,18.7,0.335,35.8,76,0.472,16.7,22.5,0.744,15.6,32.3,47.9,22,7.9,4.3,14.3,22.1,107.1,TRUE,FALSE
2005,Memphis Grizzlies,82,19855,37.7,86.5,0.436,5.7,17.1,0.334,32,69.3,0.461,20.5,27.2,0.754,13,33.7,46.7,22.5,8.4,6.4,17,26.2,101.6,TRUE,FALSE
2005,San Antonio Spurs,82,19805,38.1,87.9,0.433,4.1,12.1,0.339,34,75.8,0.449,19.4,26.2,0.74,12.1,33.1,45.2,18.3,8.2,4.7,15.6,23.4,99.6,TRUE,FALSE
2005,Detroit Pistons,82,19830,40.7,90,0.452,4.6,14.1,0.325,36.1,75.9,0.476,17.2,23.4,0.736,13.3,33.5,46.7,21.5,6.7,4,16,24.1,103.1,TRUE,FALSE
2005,Houston Rockets,82,19830,37.2,86.8,0.429,7.4,20.1,0.369,29.8,66.6,0.447,21.4,29.4,0.731,12,34.1,46.1,22.6,8,5.1,15,23.6,103.3,FALSE,FALSE
2005,Indiana Pacers,82,19730,38.4,88.2,0.435,5,14.7,0.343,33.4,73.5,0.454,20.5,27.9,0.733,13.1,32.8,45.9,20.6,9,5.4,15.1,24.4,102.4,TRUE,FALSE
2005,New Jersey Nets,82,19780,36.9,84,0.439,6.3,18,0.348,30.6,66,0.464,22.3,30.1,0.741,10.6,35.1,45.7,22.2,8,4.4,15.9,25.5,102.4,TRUE,FALSE
2005,Dallas Mavericks,82,19880,38.5,86.9,0.443,5.6,15.4,0.361,33,71.5,0.461,22.4,29.8,0.752,12.9,30.4,43.2,19.7,7.4,5.5,15.8,26.9,105,TRUE,FALSE
2005,Minnesota Timberwolves,82,19855,38.8,88.2,0.441,6.1,16.7,0.364,32.7,71.4,0.459,20.8,28.2,0.736,13.3,32.8,46.1,21.2,7.3,5.1,15.5,23.6,104.5,FALSE,FALSE
2005,Utah Jazz,82,19880,37.5,83.5,0.449,6.7,17.8,0.378,30.8,65.7,0.469,25.3,33.9,0.746,12,30.7,42.7,20.8,9.1,6.4,16,28.9,107,FALSE,FALSE
2005,Cleveland Cavaliers,82,19830,39.7,87.3,0.455,6.2,17.4,0.356,33.6,69.9,0.48,19.7,26.5,0.742,10.9,32.6,43.5,22.5,7.3,4.8,14.5,24.8,105.4,TRUE,FALSE
2005,Los Angeles Clippers,82,19805,38.1,87.7,0.435,6.3,18.1,0.347,31.9,69.6,0.458,21,28.7,0.732,11.3,32.1,43.5,23.3,7.5,4.7,13.9,23.5,103.6,TRUE,FALSE
2005,New Orleans/Oklahoma City Hornets,82,19805,39.3,85.6,0.459,7.4,20.2,0.367,31.8,65.4,0.487,20.8,27.4,0.76,11.7,34,45.7,21.6,7.2,5.9,16.3,26,106.8,FALSE,FALSE
2005,Orlando Magic,82,19905,39.2,86.4,0.454,6.3,17.6,0.357,32.9,68.8,0.478,22.8,31.2,0.732,12.4,30.6,43,22.4,8.4,5.3,15,25.9,107.5,FALSE,FALSE
2005,Miami Heat,82,19755,38.1,86.6,0.44,6.5,18,0.361,31.6,68.6,0.461,21.8,29.5,0.739,11,31.3,42.3,21.2,7.4,4,14.1,25.7,104.5,TRUE,TRUE
2005,Los Angeles Lakers,82,19855,39.2,87.1,0.45,6.3,17.8,0.353,32.9,69.2,0.475,21.1,28.2,0.747,11.9,31.9,43.8,23,7.1,4.7,15.4,25.6,105.7,TRUE,FALSE
2005,Chicago Bulls,82,19905,36,84.5,0.426,6.5,18.5,0.351,29.5,66,0.447,24.9,32.1,0.777,11.4,33,44.4,21.4,7.9,5.4,15.9,24.4,103.4,TRUE,FALSE
2005,Sacramento Kings,82,19830,40.2,88.5,0.454,6.1,17.3,0.351,34.1,71.2,0.479,18.6,24.9,0.747,12.5,32.9,45.5,22.8,8.6,5.3,15.8,24.8,105,TRUE,FALSE
2005,Portland Trail Blazers,82,19730,42.1,89.8,0.468,6.9,18.1,0.381,35.2,71.7,0.491,20.8,27.4,0.76,14.3,33.9,48.2,24.1,8.2,5.6,14.7,23.7,111.9,FALSE,FALSE
2005,Milwaukee Bucks,82,19855,39.4,84.6,0.466,6.5,18.4,0.354,32.9,66.2,0.497,22.1,29.6,0.747,11,32.8,43.8,24.5,8,5.5,15.7,25.7,107.4,TRUE,FALSE
2005,Boston Celtics,82,19880,38.6,84.6,0.456,5.8,16.6,0.353,32.7,68.1,0.481,23.9,32.2,0.743,11.9,31,42.9,23.1,9,5.3,15.8,24.1,106.9,FALSE,FALSE
2005,Washington Wizards,82,19830,39.5,85,0.465,6.6,18.1,0.363,33,66.9,0.493,21.7,29.1,0.745,12.6,32.5,45.1,23.2,7,4.5,17.4,27.2,107.3,TRUE,FALSE
2005,Golden State Warriors,82,19830,39.5,86.6,0.457,6.1,17.3,0.351,33.4,69.3,0.483,21.1,28.4,0.743,12.8,34.5,47.3,23.7,7.5,5.3,16.3,24.9,106.2,FALSE,FALSE
2005,Denver Nuggets,82,19930,39.4,86.7,0.454,6.8,19,0.358,32.6,67.7,0.481,19.7,26.8,0.736,12.4,31.7,44,25.1,7.5,5.6,17,24.5,105.2,TRUE,FALSE
2005,Charlotte Bobcats,82,19905,39.6,82.7,0.478,5.9,16.6,0.356,33.6,66.1,0.509,21.7,29.5,0.737,12.1,34.4,46.5,24.3,7.4,5.7,18.9,24.9,106.7,FALSE,FALSE
2005,Philadelphia 76ers,82,19905,40.3,87.1,0.463,6.5,18.5,0.351,33.9,68.7,0.493,20.9,27.5,0.762,12.7,33,45.6,24.5,8.2,5,16.5,24.7,108.1,FALSE,FALSE
2005,Atlanta Hawks,82,19880,41.1,85.9,0.478,5.9,16.1,0.368,35.1,69.8,0.503,23.6,31.7,0.745,13.1,31.2,44.3,22.5,8,5.6,16.4,24.8,111.6,FALSE,FALSE
2005,New York Knicks,82,19930,39.4,84.4,0.467,7.5,19.8,0.378,31.9,64.5,0.494,24.8,32.9,0.753,11.7,30.2,42,23.1,8.9,5.8,15.3,27.6,111,FALSE,FALSE
2005,Phoenix Suns,82,19955,40.7,89.6,0.454,6.5,17.9,0.363,34.2,71.8,0.477,17.9,24.5,0.731,12.9,34.3,47.2,19.4,7.4,3.5,15.3,20.4,105.8,TRUE,FALSE
2005,Toronto Raptors,82,19955,41.8,85.2,0.491,6.7,18,0.373,35.1,67.2,0.522,22.4,29.9,0.748,11,33.5,44.6,25.6,6.8,4.7,15.4,24.2,112.7,FALSE,FALSE
2005,Seattle SuperSonics,82,19830,42.3,87.1,0.485,7.2,19.1,0.375,35.1,68,0.516,22.6,29.8,0.76,13.2,30.6,43.8,26.1,7.9,5.3,15.8,24,114.4,FALSE,FALSE
2006,San Antonio Spurs,82,19780,38.7,87.4,0.443,5,14.9,0.334,33.7,72.5,0.465,17.6,23.7,0.74,11.2,32.2,43.4,19.1,7.8,4.6,15.9,23.5,99.9,TRUE,TRUE
2006,Detroit Pistons,82,19880,39,87.7,0.445,5.7,16.7,0.339,33.3,71,0.47,20.5,27.7,0.74,13.5,33.2,46.7,22.8,7.2,4,16.7,23.1,104.2,TRUE,FALSE
2006,Houston Rockets,82,19855,37.2,86.7,0.429,6.3,17.9,0.351,30.9,68.7,0.45,19.9,26.7,0.749,10.7,34,44.6,21.2,7.6,4.7,15.5,21.7,100.7,TRUE,FALSE
2006,Dallas Mavericks,82,19755,37.9,84.7,0.447,5.1,14.6,0.349,32.8,70.1,0.467,22.4,30.1,0.746,11.4,31,42.4,20,7.7,4.2,16.1,24.6,103.2,TRUE,FALSE
2006,Cleveland Cavaliers,82,19880,37.7,84.3,0.448,5.4,16.4,0.329,32.3,67.9,0.476,20.5,27.9,0.734,10.7,32.7,43.4,21.9,7.2,4.6,16.7,24,101.3,TRUE,FALSE
2006,Chicago Bulls,82,19780,36.2,83.1,0.435,6.3,18,0.349,29.9,65.2,0.459,21,28.8,0.73,11.6,31.8,43.4,21.7,8,5.6,18.5,24.6,99.6,TRUE,FALSE
2006,Orlando Magic,82,19780,37,83.6,0.442,6.2,17.6,0.353,30.8,66,0.466,23.9,31.4,0.76,11.7,29.9,41.6,21.7,9.2,5.1,16.6,25.9,104.1,TRUE,FALSE
2006,Miami Heat,82,19855,38.9,87.6,0.444,7.1,20.1,0.355,31.8,67.5,0.471,20.3,27.4,0.742,12.4,33.2,45.5,22.3,7.6,4.2,15.9,24.1,105.3,TRUE,FALSE
2006,Los Angeles Clippers,82,19730,39,86.3,0.452,6.1,18,0.339,32.9,68.3,0.482,21.5,28.7,0.748,11.3,31.9,43.2,23.1,7.8,4.3,15.2,24.5,105.6,FALSE,FALSE
2006,New Orleans/Oklahoma City Hornets,82,19880,40.2,88,0.457,7.5,21.1,0.355,32.7,67,0.489,18.7,24.6,0.759,11.4,33.4,44.8,22.8,7.4,5.2,15,23.2,106.5,FALSE,FALSE
2006,Philadelphia 76ers,82,19880,40.4,87.4,0.463,6.7,19,0.353,33.8,68.5,0.493,19.3,25.6,0.754,12.9,32,44.9,24.3,8.1,4.3,17,24,106.9,FALSE,FALSE
2006,Indiana Pacers,82,19780,38.5,84.2,0.457,5.7,15.4,0.372,32.7,68.8,0.476,22.8,30.3,0.753,12,32.8,44.8,21.6,8.5,5.4,16.9,25.5,105.5,FALSE,FALSE
2006,New Jersey Nets,82,19880,38.5,85.6,0.45,6.9,19.2,0.357,31.6,66.3,0.476,22.8,29.9,0.762,11.5,33.4,44.8,23.9,7.7,4.9,15.7,24.9,106.6,TRUE,FALSE
2006,Portland Trail Blazers,82,19955,40.3,85.7,0.471,6.4,17.6,0.361,34,68.1,0.499,22.8,29.4,0.778,11.6,32,43.5,23.2,7.3,5.2,15.3,23.8,109.9,FALSE,FALSE
2006,Atlanta Hawks,82,19880,39.6,85,0.466,6.2,16.6,0.376,33.4,68.4,0.488,22.8,31.1,0.734,12.7,31.8,44.5,23.2,8,5.6,16.7,24.9,108.3,FALSE,FALSE
2006,Toronto Raptors,82,19755,40,86.5,0.463,7,19.6,0.357,33,67,0.494,18.9,25.1,0.754,11.1,34.7,45.8,22.9,6.4,4.2,16.3,23.4,106,TRUE,FALSE
2006,Utah Jazz,82,19805,37.3,81.9,0.455,6.7,18.8,0.355,30.6,63.1,0.485,25.7,33.5,0.767,10.8,29.4,40.2,20.5,8.2,5.8,16.3,26.6,107,TRUE,FALSE
2006,Boston Celtics,82,19855,39,83.2,0.468,5.6,15.9,0.354,33.3,67.3,0.495,23.3,31.2,0.747,11.1,32.5,43.7,23.8,7.9,5.9,16.4,23.1,106.9,FALSE,FALSE
2006,Minnesota Timberwolves,82,20005,40.6,88.2,0.46,6.8,19.6,0.348,33.7,68.6,0.492,19.9,26.2,0.76,12.6,32.2,44.8,23.5,7.7,4.7,15.3,22.1,107.9,FALSE,FALSE
2006,New York Knicks,82,20005,39.9,86.8,0.46,7.6,20.1,0.376,32.4,66.7,0.485,21.3,28.2,0.756,11.7,30.4,42.1,23.1,8.1,5.4,14.8,24.8,108.8,FALSE,FALSE
2006,Charlotte Bobcats,82,20005,39.1,84.1,0.465,5.9,16.2,0.363,33.2,67.9,0.489,23.5,31.3,0.75,12.1,33.4,45.5,22.4,7.9,5.7,16.9,23.3,107.6,FALSE,FALSE
2006,Seattle SuperSonics,82,19830,41.2,86.6,0.476,6.8,18.9,0.361,34.4,67.6,0.508,21,28,0.751,12.6,31.7,44.3,24.6,7.8,4.5,16.3,21.6,110.3,FALSE,FALSE
2006,Phoenix Suns,82,19905,40.8,89.3,0.457,6.4,17.5,0.363,34.5,71.9,0.48,18.4,24,0.767,12.7,31.6,44.3,19.5,7.1,3.8,15.7,22.2,106.4,TRUE,FALSE
2006,Sacramento Kings,82,19805,40.2,85.3,0.472,7.1,19.5,0.365,33.1,65.8,0.503,20.5,27,0.757,11.6,33.9,45.5,23.5,7.3,5.2,17.1,25.4,108,FALSE,FALSE
2006,Los Angeles Lakers,82,20030,39.7,86.1,0.461,6.7,18.7,0.358,33,67.3,0.49,22.6,29.7,0.76,12.2,32.1,44.4,23,8.3,5.2,15.5,24.5,108.6,TRUE,FALSE
2006,Denver Nuggets,82,19780,40.6,88.3,0.46,6.9,19.5,0.353,33.7,68.7,0.49,17.9,24.2,0.739,12.5,30.6,43.2,25,8.5,5.3,16.7,24.2,105.9,TRUE,FALSE
2006,Milwaukee Bucks,82,19855,41.9,87.4,0.48,7.4,20.1,0.368,34.5,67.2,0.513,20.5,27.6,0.742,13.9,32.3,46.2,27.2,8.1,5.7,16.8,22.5,111.7,FALSE,FALSE
2006,Washington Wizards,82,19830,40.7,86.2,0.473,7.7,20.4,0.377,33,65.8,0.502,21.5,27.6,0.777,12.5,32.8,45.3,25,6.7,4.9,16.6,24.8,110.6,TRUE,FALSE
2006,Memphis Grizzlies,82,19980,42.2,86.8,0.486,7.4,19,0.389,34.8,67.8,0.513,20.6,27.1,0.759,12.4,31.9,44.2,26.5,8.7,5.8,16.1,25.6,112.3,FALSE,FALSE
2006,Golden State Warriors,82,19755,38.9,84.2,0.462,7.5,20.4,0.366,31.4,63.8,0.492,22.2,29.6,0.75,13.2,33.5,46.6,24.8,8.3,4.9,18.7,22.4,107.4,TRUE,FALSE
2007,Detroit Pistons,82,19730,38,86.9,0.437,5.7,17.2,0.332,32.3,69.7,0.463,21.2,28.5,0.744,12.1,32.7,44.7,21.8,6.6,4.4,15.4,22.5,102.9,TRUE,FALSE
2007,Boston Celtics,82,19755,35.5,84.7,0.419,6.5,20.5,0.316,29,64.2,0.452,21.4,28.9,0.743,12,30.6,42.6,20.6,7.9,5.2,17.5,24.3,98.9,TRUE,TRUE
2007,San Antonio Spurs,82,19730,39.2,88.1,0.444,5.8,16.8,0.342,33.4,71.3,0.468,17.7,23.4,0.756,10.6,34.6,45.3,20.4,7.8,4.9,14.5,22.3,101.8,TRUE,FALSE
2007,Houston Rockets,82,19730,38.4,88.8,0.433,5.8,16,0.365,32.6,72.8,0.447,19,25.7,0.737,12,32.9,44.9,20.8,8.4,5.1,14.7,21.7,101.6,TRUE,FALSE
2007,New Orleans Hornets,82,19805,41,89,0.46,7.3,20.9,0.351,33.6,68.1,0.494,16.4,21.3,0.771,11,34.1,45.1,24,6.3,4.5,15.3,21.2,105.7,TRUE,FALSE
2007,Dallas Mavericks,82,19730,39.2,88.4,0.443,5.5,15.8,0.349,33.7,72.6,0.463,22.2,29.3,0.76,11.9,32.6,44.5,20.9,7.2,4.8,13.5,23.5,106.1,TRUE,FALSE
2007,Philadelphia 76ers,82,19755,40.3,87.4,0.461,7.5,20.8,0.36,32.8,66.6,0.493,17.9,23.2,0.772,12.4,30.8,43.2,25.6,7.4,5.6,17.3,22.9,106,TRUE,FALSE
2007,Portland Trail Blazers,82,19905,40.9,90.7,0.451,7.3,20.6,0.356,33.6,70.2,0.479,19.2,25.1,0.766,13.1,33.8,46.9,23.5,6.7,4.1,14.1,22.7,108.4,FALSE,FALSE
2007,Cleveland Cavaliers,82,19855,39.4,86.6,0.455,6.8,19,0.357,32.6,67.6,0.482,20.8,27.8,0.748,10.9,33.5,44.4,23.1,7.5,5.2,14.6,22.3,106.4,TRUE,FALSE
2007,Toronto Raptors,82,19830,40.3,88.1,0.458,8.3,22.6,0.368,32,65.5,0.489,18,23.2,0.776,11.1,34.6,45.8,24.1,6.3,4.5,15.4,20.2,107,TRUE,FALSE
2007,Orlando Magic,82,19780,39.7,89.1,0.446,6.7,18.7,0.358,33,70.4,0.469,19.3,25.7,0.754,11.7,32.7,44.4,22.9,7.6,4.5,14,24.7,105.5,TRUE,FALSE
2007,Washington Wizards,82,19905,40.6,88.1,0.461,9.2,23.8,0.386,31.4,64.3,0.489,19.1,25.3,0.754,12.1,33.4,45.5,26.4,7.1,4.9,15.5,22.3,109.6,TRUE,FALSE
2007,Utah Jazz,82,19705,37.8,82.1,0.461,6.6,18.5,0.357,31.2,63.6,0.491,24.1,32.3,0.749,11,29.5,40.5,21.3,8.1,5.5,17.1,24.7,106.5,TRUE,FALSE
2007,Miami Heat,82,19830,40.6,86.9,0.468,7.4,20.1,0.369,33.2,66.8,0.497,21.3,28.2,0.755,12.3,35.1,47.4,24.4,8.5,4.6,15.6,22.1,110,FALSE,FALSE
2007,Atlanta Hawks,82,19855,41.3,89.4,0.463,6.8,18.8,0.362,34.6,70.6,0.489,19.4,25.8,0.752,12.8,31.7,44.5,24.2,8.2,5.6,14.9,23.8,108.9,TRUE,FALSE
2007,Chicago Bulls,82,19805,38.8,85.7,0.453,7.4,19.8,0.375,31.4,65.9,0.476,22.1,28.9,0.766,11.9,33.6,45.5,23.4,8.4,6.1,16.3,22.7,107.2,FALSE,FALSE
2007,New Jersey Nets,82,19830,39.5,86.6,0.456,7.1,19.2,0.369,32.4,67.4,0.48,23.5,30.6,0.768,11.9,33.3,45.2,23.9,8.8,4.8,14.5,24.3,109.4,FALSE,FALSE
2007,Los Angeles Clippers,82,19805,41,87.8,0.467,6.4,18.3,0.349,34.6,69.5,0.498,20.7,27.6,0.751,12.1,35,47,24.1,7.8,5.1,14.6,23.3,109.1,FALSE,FALSE
2007,Los Angeles Lakers,82,19780,39.7,89.1,0.445,7,19.4,0.362,32.7,69.7,0.469,19.1,25.3,0.752,12.5,32,44.5,22.8,8,4.7,14.8,23.5,105.5,TRUE,FALSE
2007,Charlotte Bobcats,82,19880,41,87.9,0.466,6.8,19.1,0.355,34.2,68.7,0.497,20.7,27.6,0.747,13.1,34,47.2,23.5,8.2,6.3,15.5,22.6,109.4,FALSE,FALSE
2007,Minnesota Timberwolves,82,19730,40.5,85.8,0.472,7.2,20.1,0.357,33.3,65.7,0.507,23.1,30,0.769,11.5,33.7,45.2,25.1,8.1,6.2,14.6,19,111.2,FALSE,FALSE
2007,New York Knicks,82,19880,41.9,88.4,0.474,7.7,21,0.369,34.2,67.4,0.507,20.2,27.4,0.739,12.2,33.9,46.1,23.4,8.2,5.7,13.8,21.9,111.9,FALSE,FALSE
2007,Milwaukee Bucks,82,19855,41.6,86.8,0.48,7.8,20.2,0.384,33.9,66.6,0.509,21.7,28.3,0.766,11.5,32.6,44.1,25.3,8.6,5.3,14.9,22.9,112.8,FALSE,FALSE
2007,Sacramento Kings,82,19830,40.1,86.1,0.466,7.6,20.5,0.373,32.5,65.6,0.495,22,29.2,0.753,12.4,31.5,43.9,24,8.5,5.8,16,24.2,109.9,FALSE,FALSE
2007,Phoenix Suns,82,19780,42.3,92.7,0.456,5.9,16.7,0.353,36.4,76,0.479,17.7,23.6,0.749,13.8,31.4,45.2,20.2,7.5,3.9,13.8,21.7,108.1,TRUE,FALSE
2007,Indiana Pacers,82,19755,38.5,84.8,0.454,7.5,19.5,0.386,30.9,65.2,0.474,23,30.4,0.757,11.6,34.8,46.4,22.6,8.2,5.2,16.1,22.2,107.5,FALSE,FALSE
2007,Seattle SuperSonics,82,19830,41.3,89.6,0.461,7.6,19.8,0.385,33.7,69.8,0.482,19.3,25.7,0.749,12.1,33.4,45.4,25.1,8.9,5.5,13.6,20.2,109.5,FALSE,FALSE
2007,Memphis Grizzlies,82,19805,43.2,90,0.48,7.5,20.7,0.364,35.6,69.3,0.514,17.6,22.8,0.774,11.8,34.6,46.4,25,9,5.1,13.9,23.4,111.4,FALSE,FALSE
2007,Denver Nuggets,82,19855,40.4,88.5,0.457,7.5,20.7,0.363,32.9,67.8,0.485,17.9,24.6,0.73,12.6,32.5,45.1,25.5,7.8,4.8,16.3,23.6,106.3,TRUE,FALSE
2007,Golden State Warriors,82,19780,40.2,85.9,0.468,7,19.1,0.368,33.2,66.8,0.496,22.2,29.2,0.759,12.9,34.4,47.3,23.8,7,5.1,17,21.3,109.5,FALSE,FALSE
2008,Cleveland Cavaliers,82,19780,37.9,88.1,0.431,6.6,19.8,0.333,31.4,68.3,0.459,20,25.9,0.77,12,31.6,43.6,21.4,7.1,4.6,15.5,22.8,102.4,TRUE,FALSE
2008,San Antonio Spurs,82,19905,40.5,89.6,0.453,6.1,16.1,0.379,34.5,73.5,0.469,17.1,22.3,0.769,10.2,35.1,45.2,20.2,7.2,4.8,13.1,20.6,104.3,TRUE,FALSE
2008,Boston Celtics,82,19880,36.9,85.7,0.431,6.8,19.4,0.349,30.1,66.3,0.454,21.7,28.2,0.771,11.1,30,41.2,20.7,7.8,5.2,16,24.3,102.3,TRUE,FALSE
2008,Portland Trail Blazers,82,19830,40.5,88,0.46,6.8,18.2,0.374,33.7,69.9,0.482,20,24.9,0.803,11,30.6,41.6,22.2,7.2,4.5,15.1,24.2,107.8,TRUE,FALSE
2008,New Orleans Hornets,82,19755,39.4,87.6,0.45,8,22.5,0.354,31.5,65.1,0.484,20.1,26,0.773,11.4,34,45.4,22.8,6.6,4,15.1,23.2,107,TRUE,FALSE
2008,Orlando Magic,82,19730,38.7,89.4,0.433,5.8,17.1,0.342,32.8,72.3,0.454,18.7,24.8,0.755,11.4,34.1,45.5,19.6,7.4,4.1,14.1,24.2,101.9,TRUE,FALSE
2008,Houston Rockets,82,19805,40.2,90.5,0.444,6.2,17.4,0.357,34,73,0.465,17.4,23.2,0.749,11.7,32.2,44,21.8,7.9,5.8,13.6,22.7,104,TRUE,FALSE
2008,Detroit Pistons,82,19905,40,88.7,0.451,6,17.1,0.354,33.9,71.6,0.474,22,28.3,0.775,12,34.1,46.1,23,6.4,4.8,13.4,22.4,108,TRUE,FALSE
2008,Charlotte Bobcats,82,19930,39.3,86.6,0.454,7.6,20.8,0.366,31.7,65.8,0.482,19.9,26.3,0.756,12,31.5,43.5,21.9,8.5,6.7,16.4,23.4,106.1,FALSE,FALSE
2008,Atlanta Hawks,82,19705,40.8,89.8,0.454,7.2,20.3,0.353,33.6,69.5,0.484,18.8,24.5,0.769,13,33.7,46.7,23.2,7.2,4.8,15.2,22.8,107.6,TRUE,FALSE
2008,Philadelphia 76ers,82,19755,40.5,87.6,0.462,7.9,21.5,0.367,32.6,66.1,0.493,18.9,24.2,0.782,12.6,30.9,43.5,24.3,7.8,5.4,17.3,24.1,107.8,TRUE,FALSE
2008,Miami Heat,82,19955,39.1,85.8,0.455,7.9,20.3,0.389,31.2,65.5,0.476,21.5,27.9,0.771,12,33.9,45.9,22,7.1,4.5,16.7,21.8,107.6,TRUE,FALSE
2008,Los Angeles Lakers,82,19780,39.2,87.8,0.447,7.5,21.9,0.345,31.7,65.9,0.481,18.7,24.8,0.753,12.3,31.4,43.7,23.9,8.2,5,16.4,23.4,104.7,TRUE,TRUE
2008,Memphis Grizzlies,82,19805,40.6,85.7,0.473,7.2,20.3,0.355,33.4,65.4,0.51,21.2,27.5,0.77,11.3,32.7,44,23.3,8.5,6,16.1,24,109.5,FALSE,FALSE
2008,Dallas Mavericks,82,19805,40.7,89.5,0.455,6.8,18.3,0.375,33.8,71.2,0.475,20.2,25.3,0.798,11.7,33.2,45,21.3,7.8,4.4,14.1,21.8,108.4,TRUE,FALSE
2008,Milwaukee Bucks,82,19780,37.4,81.7,0.458,7.4,19.5,0.378,30,62.2,0.483,25.7,32.5,0.791,10.9,33.1,44,22.7,8.1,4.9,17.7,24.1,107.9,FALSE,FALSE
2008,New Jersey Nets,82,19830,39.8,86,0.462,8.1,20.7,0.391,31.7,65.3,0.485,23.4,30.7,0.762,11.7,34,45.7,24.1,7.6,5.3,14.8,22.6,111,FALSE,FALSE
2008,Denver Nuggets,82,19730,38.3,87,0.44,7.8,21.2,0.366,30.5,65.7,0.464,22.5,28.8,0.782,12.8,30.9,43.6,22.7,8.4,5.8,16.3,25.1,106.8,TRUE,FALSE
2008,Utah Jazz,82,19880,39.1,84.4,0.464,6.9,19.2,0.361,32.2,65.2,0.494,22.1,28.9,0.763,11.8,31,42.8,21.3,8.5,5.5,17.1,25.6,107.3,TRUE,FALSE
2008,Toronto Raptors,82,19805,41.8,89.9,0.465,8.3,22.6,0.367,33.5,67.3,0.498,18.2,23.2,0.784,11.8,33.4,45.2,24.9,6.9,5.1,14.4,21.7,110,FALSE,FALSE
2008,Chicago Bulls,82,19930,40.6,88.8,0.458,6.3,18.1,0.347,34.4,70.7,0.486,21.1,26.9,0.786,13.2,32.2,45.4,22.3,8,5.8,15.2,22.1,108.7,TRUE,FALSE
2008,Minnesota Timberwolves,82,19805,41.1,86.8,0.474,7.1,18.8,0.377,34,68,0.5,22.1,28.4,0.778,10.8,33.6,44.4,23.4,8.1,6.4,13.6,21.7,111.4,FALSE,FALSE
2008,Oklahoma City Thunder,82,19805,41.8,88,0.475,6.8,18.6,0.364,35,69.4,0.505,19,25,0.761,11.4,32.3,43.8,22.9,9,5.3,14.8,21.4,109.4,FALSE,FALSE
2008,Washington Wizards,82,19705,42.4,87.9,0.482,9,23.3,0.387,33.3,64.6,0.516,19.9,26.2,0.759,12.5,33.3,45.8,27,7.9,5.8,15.3,21.9,113.6,FALSE,FALSE
2008,Los Angeles Clippers,82,19880,42.2,89.2,0.473,7,18.8,0.375,35.2,70.5,0.499,20.3,26.7,0.76,12.6,34.8,47.4,25.6,8.5,5.4,14.3,21.1,111.7,FALSE,FALSE
2008,Indiana Pacers,82,19830,39.4,86.1,0.458,7.1,19.1,0.375,32.3,67,0.481,23.3,30.5,0.764,11.4,34,45.4,21.7,8,5.6,14.4,21.2,109.2,FALSE,FALSE
2008,Phoenix Suns,82,19755,41.5,88.9,0.467,7.9,20.7,0.383,33.6,68.2,0.492,20.7,26.7,0.775,12.6,29.8,42.3,22,8.9,4.7,14.7,23.8,111.6,FALSE,FALSE
2008,New York Knicks,82,19805,42.3,88.2,0.48,7.2,20.4,0.351,35.2,67.9,0.518,19,25,0.758,12,35.4,47.4,22.2,8.2,5.5,14.9,20,110.8,FALSE,FALSE
2008,Sacramento Kings,82,19905,42,86.9,0.483,7.4,18.3,0.406,34.6,68.6,0.504,23.3,30.9,0.756,13,33.2,46.2,23,9,5.4,15.1,22.2,114.7,FALSE,FALSE
2008,Golden State Warriors,82,19880,41.8,89.4,0.468,7.2,18.8,0.38,34.7,70.6,0.491,22.5,28.8,0.779,14.3,33.1,47.5,24.3,8,5.1,15.1,23.7,113.3,FALSE,FALSE
2009,Charlotte Bobcats,82,19880,39.1,87.3,0.448,7.7,22.7,0.338,31.4,64.7,0.486,17,22.8,0.743,11.6,31.8,43.4,22.3,8.2,6.7,16.8,24.1,102.8,TRUE,FALSE
2009,Miami Heat,82,19880,37.9,86.3,0.439,7.1,20.6,0.342,30.8,65.7,0.469,21.2,28.2,0.754,11.5,33.4,45,20.8,7,4.8,15.9,22.1,104.1,TRUE,FALSE
2009,Portland Trail Blazers,82,19855,40.6,87.5,0.464,6.6,19.3,0.343,34,68.2,0.499,19.2,25.8,0.745,11,32,43,21.8,6.7,4.6,15.2,24.3,107.1,TRUE,FALSE
2009,Orlando Magic,82,19730,39.1,89.1,0.438,6.9,19,0.363,32.2,70.1,0.459,18.2,24.2,0.754,10.6,32.8,43.4,20.5,7.3,3.8,13.9,24,103.3,TRUE,FALSE
2009,Boston Celtics,82,19780,38.1,84.6,0.451,6.2,18.2,0.342,31.9,66.4,0.481,21.3,28.5,0.746,11.5,32,43.5,21,7.7,5.1,17,23.5,103.8,TRUE,FALSE
2009,Cleveland Cavaliers,82,19780,39,88.1,0.442,7,20.1,0.347,32,68,0.471,19.2,25.3,0.757,10.5,31.4,42,22.1,7.2,4.3,13.9,22.7,104.1,TRUE,FALSE
2009,Milwaukee Bucks,82,19980,37.6,83.3,0.451,5.7,16.7,0.343,31.9,66.6,0.478,22.2,29,0.765,10.3,35.7,46,20.7,7.5,5.5,16.4,21.8,103.1,TRUE,FALSE
2009,San Antonio Spurs,82,19780,40,88.6,0.452,5.5,15.9,0.343,34.6,72.7,0.476,19,25.1,0.756,10.8,32.1,42.9,20.9,7.5,5.5,13.7,22.1,104.5,TRUE,FALSE
2009,Los Angeles Lakers,82,19830,39.8,89.2,0.446,6.8,20.7,0.328,33,68.5,0.481,17.4,23.2,0.75,11.9,33.2,45.1,23.4,7.5,4.7,15.1,22.7,103.7,TRUE,TRUE
2009,Atlanta Hawks,82,19855,40.9,88.8,0.46,6.4,18.7,0.345,34.4,70.2,0.491,18.5,24.8,0.745,12.4,33.1,45.5,23.1,6.8,4.8,15.2,21.2,106.7,TRUE,FALSE
2009,Oklahoma City Thunder,82,19805,39.1,87.5,0.448,6.3,18.4,0.34,32.9,69.1,0.476,20.1,26.3,0.764,12.2,31.2,43.4,21.1,8,5,16.1,22.8,104.6,TRUE,FALSE
2009,Utah Jazz,82,19755,37.7,83.8,0.449,7.1,20.2,0.354,30.5,63.6,0.48,22.5,29.6,0.762,10.8,30.8,41.6,21.1,8.2,5.8,16,23.5,105,TRUE,FALSE
2009,Chicago Bulls,82,19905,39.4,89.2,0.442,7.6,21.8,0.348,31.8,67.4,0.472,18.9,25.4,0.744,11.9,33.5,45.4,22.2,7.5,5.7,14.1,21.3,105.3,TRUE,FALSE
2009,Detroit Pistons,82,19780,40.6,84.6,0.48,7.8,20.7,0.375,32.8,63.8,0.515,22.3,29.1,0.767,11.2,33.2,44.3,26,7.5,5.5,16.1,23.3,111.4,FALSE,FALSE
2009,Dallas Mavericks,82,19880,40.6,88.8,0.457,6.9,19.8,0.347,33.7,69,0.488,18.3,24.1,0.758,12,33.8,45.9,21.7,7.3,4.4,15.6,21.6,106.3,TRUE,FALSE
2009,Washington Wizards,82,19830,40.7,88,0.463,7,19.4,0.36,33.7,68.6,0.492,21,27.6,0.761,12.3,33.4,45.8,23.4,7.5,5.5,14.7,22.2,109.4,FALSE,FALSE
2009,New Jersey Nets,82,19780,42.1,87.6,0.481,6.2,17,0.366,35.9,70.6,0.509,20.1,26.8,0.748,12.3,35.6,47.9,26,8.5,5.6,15.3,21.9,110.5,FALSE,FALSE
2009,Philadelphia 76ers,82,19805,41.1,87,0.472,8,20.4,0.393,33.1,66.6,0.497,20.1,26.2,0.766,11.8,32.7,44.4,24,8.2,4.4,15.7,20.3,110.3,FALSE,FALSE
2009,Los Angeles Clippers,82,19705,42,89.4,0.47,7,19.2,0.363,35,70.2,0.499,19.1,25.1,0.762,11.6,32.8,44.3,25.3,9,4.8,13.9,20.9,110.1,FALSE,FALSE
2009,Denver Nuggets,82,19780,39.5,86.6,0.456,6.7,19.2,0.349,32.8,67.4,0.487,21.7,28.3,0.768,12.2,32.2,44.4,22.1,7.4,5.6,15.8,24.9,107.5,TRUE,FALSE
2009,New Orleans Hornets,82,19830,42.5,87.9,0.483,7,19.8,0.355,35.4,68.1,0.52,18.1,24.1,0.751,11.4,33.8,45.2,25.2,7.5,4.8,15.4,20.9,110.1,FALSE,FALSE
2009,Houston Rockets,82,19905,41.5,87.3,0.475,6.3,17.2,0.364,35.2,70.1,0.503,18.8,24.6,0.764,11.2,33.7,45,22,7.7,6.8,15.5,23.6,108,FALSE,FALSE
2009,Indiana Pacers,82,19705,39.1,86.3,0.453,6.4,17.6,0.363,32.7,68.6,0.476,22.3,29.4,0.756,12.2,35.8,48,21.3,8.2,5.2,15.4,21.4,106.8,FALSE,FALSE
2009,Memphis Grizzlies,82,19905,42.2,88.3,0.478,7.4,20.9,0.354,34.9,67.4,0.517,18.1,23.9,0.755,11.7,30.3,42,24.2,8.2,6.5,15,23.7,109.9,FALSE,FALSE
2009,Sacramento Kings,82,19880,41.1,87.7,0.469,6.4,17.9,0.357,34.7,69.8,0.497,21.4,27.6,0.774,11.7,32.6,44.3,21.6,7.5,6,14.4,21.2,109.9,FALSE,FALSE
2009,Phoenix Suns,82,19730,41.3,91.4,0.452,7.2,20.2,0.355,34.1,71.2,0.479,20.5,27,0.76,13.8,30.5,44.3,21.7,8.2,4.7,13.6,22.8,110.2,TRUE,FALSE
2009,Toronto Raptors,82,19780,41.6,89,0.468,7.9,21.7,0.366,33.7,67.3,0.501,21.9,28,0.784,12.2,32,44.1,24.6,7.6,4.7,13.6,22.6,113.2,FALSE,FALSE
2009,New York Knicks,82,19880,43.1,88.7,0.486,7.1,20.2,0.352,36,68.5,0.525,18.4,24.4,0.754,12.3,35,47.3,22.1,7.5,4.7,15.2,20.2,111.6,FALSE,FALSE
2009,Minnesota Timberwolves,82,19780,42.2,87.9,0.48,7.8,21.3,0.366,34.4,66.6,0.517,19.4,25,0.774,11.6,33.3,44.9,26.6,9.1,5.6,14.8,21.3,111.6,FALSE,FALSE
2009,Golden State Warriors,82,19730,41.3,85.3,0.485,6.9,18.4,0.375,34.4,66.9,0.515,22.2,29,0.767,13.3,34.4,47.8,24,7.8,4.9,17.5,21.3,111.7,FALSE,FALSE
2010,Boston Celtics,82,19780,37.2,85.5,0.434,5.9,17.5,0.34,31.2,68,0.459,20.1,26.5,0.756,11.6,32,43.6,20.6,7.7,4.9,16.9,22.3,100.3,TRUE,FALSE
2010,Chicago Bulls,82,19830,37.6,87.4,0.43,5.7,17.5,0.326,31.9,69.9,0.456,19.4,25.4,0.764,11.1,31.1,42.2,20.8,7.6,6.4,15.5,22,100.3,TRUE,FALSE
2010,Milwaukee Bucks,82,19830,38.2,85.5,0.447,5.9,17.6,0.334,32.3,67.9,0.476,20.2,26.2,0.77,11.3,35.4,46.7,22.3,6.8,5.3,16.8,22.8,102.5,FALSE,FALSE
2010,Orlando Magic,82,19830,38,87.1,0.436,6.8,19.6,0.35,31.2,67.6,0.461,19.1,25.7,0.743,10.7,32.5,43.2,21.8,8,4.1,15.1,23.8,102,TRUE,FALSE
2010,New Orleans Hornets,82,19830,39.3,86,0.457,7.6,21.3,0.357,31.7,64.7,0.49,19,24.6,0.77,10.5,33.5,44,23.7,6.8,5.4,16.3,22.8,105.2,TRUE,FALSE
2010,Miami Heat,82,19780,38.3,88.3,0.434,7.3,21.1,0.345,31,67.1,0.462,19.7,26.4,0.744,11.5,31.4,42.9,22,7.7,3.3,14.4,23.9,103.5,TRUE,FALSE
2010,Portland Trail Blazers,82,19805,40,85.7,0.467,7.3,19.8,0.367,32.7,65.9,0.497,19.8,25.8,0.767,12,32.9,44.8,21.7,7.8,4.7,17.7,24,107.1,TRUE,FALSE
2010,Los Angeles Lakers,82,19830,40.1,91.9,0.437,7.4,22.2,0.335,32.7,69.6,0.469,16.6,21.7,0.765,13.4,32,45.4,24.4,7.8,5,14.9,22.7,104.3,TRUE,FALSE
2010,Atlanta Hawks,82,19730,41,89,0.46,6.3,18.5,0.338,34.7,70.5,0.492,18.8,24.3,0.774,11.4,33.9,45.3,23.8,7.5,4.7,14,20.7,107,TRUE,FALSE
2010,Dallas Mavericks,82,19705,40,88.8,0.45,6.8,19.7,0.343,33.2,69.1,0.481,18.3,24.4,0.75,11.7,32.8,44.5,22.5,8.3,4,14.9,22,105,TRUE,TRUE
2010,Charlotte Bobcats,82,19805,40,87.8,0.455,7.8,21.8,0.359,32.2,66,0.487,20.1,25.8,0.78,10.9,33.1,43.9,24,8.1,6.7,14.6,23.4,107.8,FALSE,FALSE
2010,Philadelphia 76ers,82,19930,39.4,87.2,0.451,6.1,18.1,0.34,33.2,69.1,0.48,20.2,26.1,0.773,11.6,34.3,45.8,23.1,7.7,4.9,15.3,20.3,105,TRUE,FALSE
2010,Memphis Grizzlies,82,19880,39,85.2,0.457,7.7,20.9,0.369,31.3,64.3,0.486,19.5,25.6,0.761,11.9,31.4,43.2,22.6,8.1,6.6,18,23,105.1,TRUE,FALSE
2010,San Antonio Spurs,82,19780,41.1,90.2,0.456,6.3,17.2,0.367,34.8,73,0.477,17.1,22.3,0.766,11.6,32.8,44.4,22.1,7.5,4.9,14.4,22.4,105.6,TRUE,FALSE
2010,New Jersey Nets,82,20005,41,88.1,0.465,6.8,18.6,0.364,34.2,69.5,0.492,21.2,28.2,0.751,11.3,34.4,45.7,24.3,7.5,5,13.5,21.9,109.9,FALSE,FALSE
2010,Detroit Pistons,82,19880,42.1,86.7,0.486,7.1,19.8,0.358,35,66.9,0.523,20.4,26.6,0.766,11.7,33.4,45.2,25.9,7.7,5.2,15.7,20.9,111.7,FALSE,FALSE
2010,Indiana Pacers,82,19780,39.3,87.6,0.449,6.5,18.2,0.359,32.8,69.4,0.473,20.7,27.6,0.75,11.9,33.5,45.5,21.4,7.9,6,14.6,22.5,106,TRUE,FALSE
2010,Oklahoma City Thunder,82,20005,40.4,88.3,0.458,6.2,17.3,0.361,34.2,71,0.481,20.1,27.1,0.744,12.1,31,43.1,22.2,7.6,4.6,14.9,22.9,107.2,TRUE,FALSE
2010,Utah Jazz,82,19880,39.3,85.7,0.459,7.8,20.9,0.376,31.5,64.8,0.486,23.6,30.3,0.778,12.3,32.2,44.4,22.5,8.1,5.4,15.9,23.9,110.1,FALSE,FALSE
2010,Los Angeles Clippers,82,19855,39.7,87.1,0.455,7.6,20.8,0.365,32.1,66.3,0.484,21.7,28.2,0.771,11.9,31.4,43.3,23.8,8.6,5.3,14.6,23.6,108.7,FALSE,FALSE
2010,Denver Nuggets,82,19705,40.2,87.6,0.459,7.3,21.3,0.344,32.8,66.3,0.495,19.6,25.9,0.756,11,32.2,43.2,23.2,7.8,6.2,14.4,23.8,107.3,TRUE,FALSE
2010,Houston Rockets,82,19880,41.9,89.4,0.468,5.7,16,0.358,36.1,73.4,0.492,19.6,25,0.781,12.2,32.7,44.9,21.9,7.5,5.8,14.4,22.5,109,FALSE,FALSE
2010,Cleveland Cavaliers,82,19755,42.2,88.8,0.475,8.7,21.1,0.411,33.5,67.8,0.495,18.8,24.7,0.759,11.7,34.9,46.6,25.9,8.1,6.4,14.5,22.8,111.8,FALSE,FALSE
2010,Washington Wizards,82,19930,40.7,86.5,0.471,7.2,19.3,0.373,33.5,67.3,0.499,21.5,28.3,0.761,12.8,33.5,46.2,24.4,8,5.3,16.6,21.3,110.2,FALSE,FALSE
2010,Sacramento Kings,82,19855,41.4,86.7,0.478,6.1,17.2,0.355,35.3,69.5,0.508,20.2,26.5,0.762,11,31.8,42.9,22.6,8.5,5.9,15.3,21.9,109,FALSE,FALSE
2010,Toronto Raptors,82,19780,42,87.1,0.482,7.1,18.8,0.376,34.9,68.3,0.511,21.8,28.4,0.769,11.9,32.1,44,24.2,8.2,6,14.9,21.2,112.9,FALSE,FALSE
2010,Golden State Warriors,82,19830,40.5,86.7,0.467,7.2,20.2,0.358,33.3,66.4,0.501,22.4,28.9,0.776,13.4,33.5,46.9,25.9,8.6,4.5,16.9,19.3,110.7,FALSE,FALSE
2010,New York Knicks,82,19780,41.2,87.2,0.472,6.8,18.3,0.372,34.4,68.9,0.499,20.9,27.5,0.762,12.2,33.6,45.8,21.4,7.4,4.6,15.9,21.6,110.1,TRUE,FALSE
2010,Phoenix Suns,82,20005,42.1,89.2,0.472,7.4,20.3,0.367,34.6,68.9,0.502,18.8,25,0.754,12.5,33.6,46.2,24,8.2,4.5,15.1,22.1,110.4,FALSE,FALSE
2010,Minnesota Timberwolves,82,19780,40.6,86.8,0.468,8,21.5,0.374,32.6,65.3,0.499,21.8,28,0.778,11.5,32.4,43.9,25.5,9.8,5.6,14.9,21.6,111.1,FALSE,FALSE
2011,Chicago Bulls,66,15940,38.6,91.5,0.421,5.2,15.9,0.325,33.4,75.7,0.442,16,21.6,0.74,12.7,31.9,44.6,21,8.3,5.8,14.8,19.7,98.3,TRUE,FALSE
2011,Boston Celtics,66,15940,36.8,87.7,0.419,5.7,18.6,0.308,31,69.1,0.449,19,25,0.76,13,34.5,47.5,20.5,8.6,5.1,17.2,20.3,98.2,TRUE,FALSE
2011,Philadelphia 76ers,66,15915,38.1,89.2,0.427,6,18,0.334,32.1,71.2,0.45,17.1,22.7,0.752,11.9,36.7,48.5,21.7,6.6,5.3,15.4,18,99.2,TRUE,FALSE
2011,Miami Heat,66,16040,37.5,86.4,0.434,7.9,21.6,0.363,29.6,64.8,0.457,17.3,23.9,0.725,11.9,31.1,43,21.3,9,4.6,18.2,22.2,100.2,TRUE,TRUE
2011,Memphis Grizzlies,66,15940,37.8,85.1,0.444,6.9,20.1,0.345,30.9,65.1,0.474,19.3,25.2,0.764,12.1,32.4,44.5,21.1,8.6,6,18.7,21.1,101.8,TRUE,FALSE
2011,Atlanta Hawks,66,16165,39.2,88.3,0.444,6.4,18.7,0.344,32.7,69.6,0.47,16.4,21.8,0.753,11.7,34.2,45.9,22.3,8.1,5.2,16.4,20.8,101.2,TRUE,FALSE
2011,Orlando Magic,66,15965,40.1,89.3,0.449,7,20.1,0.347,33.1,69.2,0.478,17,22,0.772,11.3,34.8,46.1,22.8,8.4,4.6,14.6,22.1,104.1,TRUE,FALSE
2011,New Orleans Hornets,66,15940,39.3,88.5,0.444,7.2,22.9,0.317,32.1,65.6,0.489,19.2,25.4,0.759,12.5,32.6,45,23.5,8.9,6.5,15.6,21.1,105.1,FALSE,FALSE
2011,Toronto Raptors,66,15965,37.6,86.4,0.435,6.8,20.6,0.328,30.9,65.8,0.469,22.5,30.2,0.744,11.4,33.6,45,22.3,8.1,5.4,14.7,20.4,104.5,FALSE,FALSE
2011,Indiana Pacers,66,15990,38.1,87.7,0.435,7.3,20.8,0.351,30.8,66.9,0.461,19.5,26.7,0.729,13.1,33.1,46.2,21.4,7.2,6.6,16.3,23.6,103.1,TRUE,FALSE
2011,New York Knicks,66,15940,37.4,84.7,0.442,7.2,20,0.359,30.3,64.6,0.468,18.9,25.7,0.736,11.6,33,44.6,20.2,8.7,5.4,18.2,23.2,101,TRUE,FALSE
2011,Dallas Mavericks,66,16065,38.3,88.1,0.435,7.7,22.4,0.346,30.6,65.7,0.466,17.8,23.8,0.75,11.8,35.5,47.4,22.1,9.2,4.3,15.9,19.8,102.3,TRUE,FALSE
2011,Los Angeles Clippers,66,15965,38.4,85.9,0.447,7.8,21.3,0.365,30.7,64.7,0.474,21.1,28.3,0.746,12,32.3,44.3,23.1,6.7,5,16.3,23.6,105.7,TRUE,FALSE
2011,Detroit Pistons,66,15965,40.1,86.7,0.462,6.7,18.8,0.355,33.4,67.9,0.492,19.6,25.6,0.765,11.8,33.4,45.3,25,9.5,5.9,16.2,21.6,106.3,FALSE,FALSE
2011,Los Angeles Lakers,66,16065,41.1,94.1,0.437,7.3,21,0.348,33.8,73.1,0.463,14.9,20,0.742,12.5,32.1,44.6,23.9,9.2,5,12.3,22,104.4,TRUE,FALSE
2011,San Antonio Spurs,66,15940,40.7,90.1,0.452,6.7,18.9,0.353,34,71.2,0.478,15.1,20,0.756,11,33,44.1,20.9,7.9,5.3,14.7,20.2,103.2,TRUE,FALSE
2011,Oklahoma City Thunder,66,15990,38.8,90.8,0.427,6.8,19.9,0.342,32,71,0.451,18.8,24.5,0.768,13.5,30.5,44,21.2,8.7,5.2,15.1,21.3,103.2,TRUE,FALSE
2011,Portland Trail Blazers,66,15965,40.8,88.2,0.463,7.3,20.1,0.363,33.5,68.1,0.492,17.5,23.4,0.747,12,34,46,22.9,8.2,5.2,16.2,21.5,106.4,FALSE,FALSE
2011,Houston Rockets,66,16065,40.3,88.4,0.456,6,18.5,0.325,34.3,69.9,0.491,18.6,24.3,0.766,11.9,33,44.9,21.5,8.1,5.5,15.8,19.8,105.2,FALSE,FALSE
2011,Washington Wizards,66,15865,39.6,87.5,0.453,7,19.9,0.35,32.6,67.6,0.483,20.1,26.5,0.758,13.3,33.7,47,23.2,8.5,4.9,16.4,20.1,106.2,FALSE,FALSE
2011,Phoenix Suns,66,15840,41,90.1,0.455,6.5,18.5,0.352,34.5,71.6,0.481,18,23.6,0.762,13.1,33.8,46.9,23.2,8.6,4.7,15.2,21.2,106.5,FALSE,FALSE
2011,Milwaukee Bucks,66,15865,39.5,88,0.449,7.1,20.1,0.351,32.5,67.9,0.478,19.1,24.8,0.769,13.1,34.5,47.6,23.1,8.1,4.8,16.9,20.6,105.2,FALSE,FALSE
2011,Utah Jazz,66,16165,39,86.2,0.453,6.9,20.4,0.34,32.1,65.8,0.488,21.1,28,0.754,11.8,32.3,44.1,22,8,6.1,15.7,22.2,106.1,TRUE,FALSE
2011,New Jersey Nets,66,15890,41.9,88.7,0.472,7.2,19.3,0.374,34.7,69.4,0.5,18.5,25,0.74,13.1,34,47.1,25.8,8.8,5.5,15.8,21.3,109.6,FALSE,FALSE
2011,Minnesota Timberwolves,66,15940,41.5,91.3,0.455,6.6,19.3,0.34,35,72,0.486,17.1,22.6,0.755,12.4,33.8,46.3,22.9,8.9,6.1,14.1,23.2,106.6,FALSE,FALSE
2011,Cleveland Cavaliers,66,15965,41.7,89.4,0.467,7.4,20.3,0.362,34.4,69.1,0.498,18,24.1,0.748,12.4,34.1,46.5,25.1,8.6,6.7,15.1,22.7,108.9,FALSE,FALSE
2011,Charlotte Bobcats,66,15890,42.6,89.7,0.475,6.7,18.9,0.356,35.8,70.8,0.506,18.5,24.6,0.75,12.9,36.4,49.3,25.5,8.3,6.3,14.8,22.2,110.4,FALSE,FALSE
2011,Golden State Warriors,66,15915,40.2,88.7,0.453,7.6,20.9,0.365,32.5,67.8,0.48,21,28.2,0.747,14.2,35.2,49.4,24.9,8.1,5.4,16,17.9,109.1,FALSE,FALSE
2011,Denver Nuggets,66,16040,40.4,88.5,0.456,9.1,23.7,0.383,31.3,64.8,0.483,16.3,21.5,0.759,11.6,30.6,42.2,24.3,8.3,7,16.3,23.1,106.2,TRUE,FALSE
2011,Sacramento Kings,66,15915,42.5,89.3,0.476,7,19.7,0.355,35.5,69.7,0.51,17.8,23.4,0.762,13,34.3,47.3,25,8.3,6.7,16.2,20.9,109.8,FALSE,FALSE
2012,Memphis Grizzlies,82,19805,37.7,86.5,0.435,6.9,20.4,0.338,30.7,66.1,0.465,18.1,24.2,0.748,11.6,32.3,43.9,21.9,8.2,6.2,17.4,22.5,100.3,TRUE,FALSE
2012,Indiana Pacers,81,19590,38,90.4,0.42,6,18.3,0.327,32,72.2,0.444,17.9,23.5,0.76,12.3,32.6,45,21.1,8.3,6.2,14.9,24.1,99.8,TRUE,FALSE
2012,Chicago Bulls,82,19830,39.4,88.9,0.443,6.1,17.7,0.346,33.2,71.2,0.467,18.3,24.7,0.739,12.2,33.4,45.6,20.9,8.1,6.5,15.2,21.8,103.2,TRUE,FALSE
2012,Los Angeles Clippers,82,19730,37.8,85.4,0.443,8.4,22.4,0.373,29.5,62.9,0.468,19.6,26.1,0.749,11.9,30.9,42.8,24.2,8.1,4.5,17.6,22.8,103.6,TRUE,FALSE
2012,Miami Heat,82,19880,38.9,88.3,0.44,8.3,23.7,0.35,30.6,64.6,0.473,17.7,23.1,0.766,12.3,31.5,43.8,22,8.6,3.5,17,22.3,103.7,TRUE,TRUE
2012,Brooklyn Nets,82,19855,41.8,90.1,0.464,7.1,19.3,0.366,34.7,70.8,0.49,15.6,21.4,0.731,12,31.8,43.8,23.9,8.4,5.3,15,23.8,106.2,TRUE,FALSE
2012,Boston Celtics,81,19840,38.6,87.5,0.441,7.3,21.2,0.342,31.3,66.3,0.472,18.9,25.5,0.74,12.2,34.3,46.5,23.1,8.4,5,16.3,20.8,103.3,TRUE,FALSE
2012,New York Knicks,82,19730,39.5,86.2,0.458,8.7,24.2,0.357,30.9,62,0.498,18.7,24.7,0.757,11.2,35.1,46.3,21.4,7.1,4.4,16.8,21.4,106.3,TRUE,FALSE
2012,Washington Wizards,82,19855,38.6,87.8,0.44,7.7,22,0.349,30.9,65.8,0.47,18.1,24.5,0.738,11.8,35.7,47.5,23.2,8.4,4.7,15.6,20.6,103,FALSE,FALSE
2012,Philadelphia 76ers,82,19755,40.3,88.7,0.454,7.3,21,0.349,32.9,67.7,0.487,17.8,23.4,0.76,12.1,36.1,48.2,25,7.9,5.3,15.7,17.8,105.7,FALSE,FALSE
2012,Oklahoma City Thunder,82,19830,38.5,90.4,0.425,7.9,22.8,0.346,30.5,67.6,0.452,17.8,23,0.774,12.8,30.5,43.3,21.8,8.7,4.2,15.7,22,102.6,TRUE,FALSE
2012,San Antonio Spurs,82,19880,39.5,89.2,0.442,6.7,18.9,0.353,32.8,70.4,0.466,16,21,0.76,11.7,33,44.7,22.5,8.7,5.2,15.7,20.1,101.6,TRUE,FALSE
2012,Atlanta Hawks,82,19855,40.1,89,0.45,8.1,21.3,0.379,32,67.7,0.473,16.1,21.1,0.763,12.1,34.7,46.8,23.8,9,4.6,16.3,20.1,104.4,TRUE,FALSE
2012,New Orleans Hornets,82,19780,41.5,88.2,0.471,8.7,23.1,0.374,32.9,65.1,0.505,18.4,24.2,0.759,11.4,32.8,44.2,26.2,8.9,6.7,14.9,21,110.1,FALSE,FALSE
2012,Minnesota Timberwolves,82,19730,40.8,87.2,0.468,7.5,20.4,0.369,33.2,66.8,0.498,16.3,21.6,0.752,11.4,33.8,45.3,24,8.7,6.3,17.1,24.2,105.4,FALSE,FALSE
2012,Utah Jazz,82,19880,39.9,87,0.458,7.4,20.1,0.37,32.4,66.9,0.485,19.6,25.9,0.757,12,32.5,44.4,22.4,8.5,6.4,16,22.2,106.8,FALSE,FALSE
2012,Toronto Raptors,82,19980,39.5,86.3,0.458,7.3,20.1,0.361,32.2,66.2,0.487,21.3,28.5,0.747,11.7,33.8,45.5,23.9,7.7,5.1,15.5,21.9,107.5,FALSE,FALSE
2012,Detroit Pistons,82,19805,40.8,88.8,0.459,8.1,22.4,0.36,32.7,66.4,0.492,18.5,24.3,0.762,12.2,33.5,45.7,24.5,9.2,6.3,15,21.7,108.1,FALSE,FALSE
2012,Golden State Warriors,82,19805,39.1,89.2,0.439,8.4,24.3,0.347,30.7,64.9,0.473,18.8,25.1,0.748,11.6,33.3,44.9,24.8,8.6,5.1,14.2,20.2,105.5,TRUE,FALSE
2012,Milwaukee Bucks,82,19830,40.3,88.8,0.454,6.8,19.4,0.348,33.5,69.4,0.483,17.9,23.5,0.759,13,35.2,48.3,24.2,8.4,4.6,16.7,20,105.2,TRUE,FALSE
2012,Portland Trail Blazers,82,19855,42.6,90,0.474,6.9,20.3,0.34,35.8,69.8,0.512,17,22.4,0.761,11.9,34.1,46,25.7,9.1,4.7,14.2,20.3,109.2,FALSE,FALSE
2012,Los Angeles Lakers,82,19755,41.8,92.4,0.453,7.9,22.1,0.357,34,70.3,0.483,15,20.5,0.732,12.2,32.8,45,24.7,9,5.1,13.6,24.3,106.6,TRUE,FALSE
2012,Denver Nuggets,82,19905,39.6,89.1,0.444,8.7,24,0.363,30.9,65.1,0.474,17.2,23.6,0.731,12.9,30.3,43.3,24.6,8.3,7,16.6,22.5,105.1,TRUE,FALSE
2012,Orlando Magic,82,19780,41.7,90.1,0.463,8.1,22.7,0.359,33.6,67.4,0.498,17.6,23.8,0.738,11.7,34.5,46.2,25.6,7.8,5.7,13.4,17.8,109.1,FALSE,FALSE
2012,Cleveland Cavaliers,82,19730,41,86,0.476,8,21.6,0.372,32.9,64.4,0.511,19.4,26.2,0.739,11.7,33.8,45.5,25.9,8.2,7.4,16.5,21.3,109.4,FALSE,FALSE
2012,Phoenix Suns,82,19805,41.3,87.8,0.47,7.4,19,0.388,33.9,68.8,0.492,18.2,24.1,0.757,12.4,33.7,46.1,24.3,8.9,5.5,16.3,19.6,108.1,FALSE,FALSE
2012,Dallas Mavericks,82,19980,39.2,88,0.445,8.2,22.8,0.359,31,65.1,0.475,20,26.6,0.753,12.6,35.1,47.7,23.1,8.9,4.3,15.4,19.8,106.5,FALSE,FALSE
2012,Houston Rockets,82,19780,40.2,88.5,0.454,8.3,22.7,0.368,31.9,65.8,0.484,17.3,22.4,0.776,11.1,32.1,43.1,23.5,8.7,6.3,15.3,21.1,106.1,TRUE,FALSE
2012,Charlotte Bobcats,82,19805,42.2,89.6,0.471,9.5,24.5,0.388,32.7,65.1,0.502,17.6,23.6,0.747,12.9,35,47.9,27.4,7.5,7.5,15.3,23.1,111.5,FALSE,FALSE
2012,Sacramento Kings,82,19830,41.6,88.3,0.472,8.1,22.8,0.355,33.6,65.5,0.512,20,25.6,0.783,12.6,33.6,46.2,26.6,8.1,6.7,15.6,21.1,111.4,FALSE,FALSE
2013,Chicago Bulls,82,19930,38.3,88.9,0.43,7.2,20.5,0.351,31.1,68.5,0.454,16.8,22.3,0.753,11.7,33.5,45.2,21.4,8.3,6.5,15.7,22.9,100.5,TRUE,FALSE
2013,Indiana Pacers,82,19780,37.4,89,0.42,7.1,20.5,0.345,30.3,68.5,0.443,17.5,23.2,0.755,11.2,33.1,44.3,20,7.8,5,14.7,23.5,99.3,TRUE,FALSE
2013,Memphis Grizzlies,82,19805,39.4,87.7,0.45,8.3,23.3,0.355,31.1,64.3,0.484,17.4,22.7,0.766,10.9,32.4,43.3,22,8,5.5,15.7,20.9,104.6,TRUE,FALSE
2013,Charlotte Bobcats,82,19905,39.4,89.2,0.442,8.7,23.5,0.369,30.7,65.7,0.468,16.3,21.5,0.759,10.2,36.1,46.3,22.4,6.7,5.4,14.2,22.4,103.8,TRUE,FALSE
2013,Miami Heat,82,19880,39.2,85.7,0.457,9.2,25.4,0.362,30,60.3,0.497,18.2,24.2,0.75,11.7,32,43.8,23.2,8.8,3.4,18.1,22.2,105.8,TRUE,FALSE
2013,San Antonio Spurs,82,19755,39.6,89.2,0.444,6.8,19.2,0.353,32.8,70,0.469,16.4,21.6,0.76,11,33.3,44.3,21.3,8,4.8,14.5,20.3,102.4,TRUE,TRUE
2013,Toronto Raptors,82,19955,38.7,86.1,0.45,7.4,20.7,0.36,31.3,65.4,0.478,20.4,27.1,0.752,11.2,32.8,44,22.5,7.8,4.6,16,23.8,105.3,TRUE,FALSE
2013,New York Knicks,82,19855,39.3,85.7,0.458,9.5,25.7,0.371,29.7,60,0.496,21,27.5,0.765,11.3,34.8,46.1,21.7,6.9,3.7,16,21.6,109.1,FALSE,FALSE
2013,Washington Wizards,82,20055,39,85.2,0.458,7.9,22.6,0.347,31.1,62.5,0.498,18.8,24.5,0.765,10.6,33.8,44.4,23.4,8.1,4.1,16.9,20.5,104.6,TRUE,FALSE
2013,Golden State Warriors,82,19830,38,87,0.436,7.2,20.8,0.344,30.8,66.2,0.465,19.5,25.4,0.765,11,33.6,44.6,21.2,8.2,4.3,15.5,19.9,102.6,TRUE,FALSE
2013,Brooklyn Nets,82,19880,39.3,86,0.458,8.7,23.8,0.367,30.6,62.2,0.492,20.3,26.7,0.76,12.2,34.2,46.4,22.7,8,4.4,17.1,22.5,107.7,TRUE,FALSE
2013,Oklahoma City Thunder,82,19805,37.9,86.9,0.436,9,25,0.358,28.9,61.9,0.468,19.2,26.4,0.727,11.4,31.2,42.6,22.7,8.5,3.8,15.8,21.2,103.9,TRUE,FALSE
2013,Boston Celtics,82,19730,40.4,87,0.465,7,20.2,0.347,33.4,66.8,0.5,19.8,26,0.761,11.4,33.8,45.2,23.6,7.9,4.9,15.2,20.4,107.7,FALSE,FALSE
2013,Los Angeles Clippers,82,19755,38.8,88.1,0.441,7.5,22.7,0.332,31.3,65.4,0.479,19.6,25.9,0.755,12.8,32.6,45.4,24.2,7.2,3.6,16,24.3,104.8,TRUE,FALSE
2013,Atlanta Hawks,82,19830,40.5,87.5,0.462,8.4,22.9,0.365,32.1,64.6,0.497,17.2,22.9,0.748,11.3,34.4,45.7,24.3,8.6,4.5,15.9,21,106.4,TRUE,FALSE
2013,Cleveland Cavaliers,82,19930,40.1,88.6,0.452,9.9,26.9,0.367,30.2,61.6,0.49,17.7,23.3,0.757,10.9,34.3,45.1,26.3,7.6,6,14.8,20.7,107.7,FALSE,FALSE
2013,Orlando Magic,82,19955,40.2,88.1,0.456,8.5,22.8,0.371,31.7,65.3,0.485,18.6,24.2,0.77,11,35.3,46.3,23.7,7.5,5.7,14.7,19.3,107.4,FALSE,FALSE
2013,Utah Jazz,82,19780,41.7,88.2,0.473,8,21.1,0.376,33.7,67,0.503,20,25.8,0.773,11.2,35.1,46.3,23.7,8.2,5.3,13.7,22.2,111.3,FALSE,FALSE
2013,New Orleans Pelicans,82,19855,40.1,86.1,0.465,8.6,24,0.357,31.5,62.2,0.507,21.5,28.5,0.752,11.6,33.3,44.8,24.2,7.6,6.6,15.5,21.8,110.1,FALSE,FALSE
2013,Dallas Mavericks,82,19830,40.1,86.3,0.464,8.8,24.4,0.359,31.3,61.9,0.505,19.8,26.1,0.758,12.2,33.2,45.4,23.4,8.2,3.7,17,21.1,108.7,TRUE,FALSE
2013,Phoenix Suns,82,19755,39.6,86.8,0.456,7.1,20.7,0.341,32.5,66.1,0.492,20.6,26.8,0.766,11.7,32.8,44.6,21.1,7.8,4.2,16,22.2,106.7,FALSE,FALSE
2013,Portland Trail Blazers,82,19855,41.4,91.8,0.451,6.8,19.2,0.355,34.6,72.6,0.476,17.8,23.2,0.766,12,33.4,45.4,21.3,8.1,3.9,12.6,21.6,107.4,TRUE,FALSE
2013,Houston Rockets,82,19830,40.2,90.7,0.443,8.4,23.7,0.353,31.8,67,0.475,17.5,23.2,0.757,12.3,30.7,42.9,22.9,8.8,5.8,14.4,25,106.3,TRUE,FALSE
2013,Sacramento Kings,82,19830,39.8,86.4,0.461,8.9,23.5,0.38,30.9,62.9,0.491,20.2,27.4,0.737,10.4,32.9,43.4,24.7,8.2,5.9,14.3,24.3,108.8,FALSE,FALSE
2013,Milwaukee Bucks,82,19880,41.4,88.4,0.468,9.2,24,0.382,32.2,64.4,0.5,19.9,26.5,0.751,12.6,34.3,46.9,24.6,8.4,5.4,15.2,22.2,111.8,FALSE,FALSE
2013,Minnesota Timberwolves,82,19855,41.2,87.5,0.471,8.2,22.6,0.364,33,64.9,0.508,15.5,20.4,0.756,11.3,33.7,45,23.3,8,5.7,16.7,24,106.2,FALSE,FALSE
2013,Detroit Pistons,82,19780,41,87.2,0.47,8.7,23.9,0.365,32.3,63.2,0.51,19,25.1,0.756,11.7,33.4,45.1,25.6,8.6,5.2,15.7,21.7,109.7,FALSE,FALSE
2013,Denver Nuggets,82,19755,40.1,87.8,0.457,7.5,21.4,0.351,32.6,66.4,0.491,20.5,26.9,0.763,11.5,33,44.5,22.8,8.6,5.7,14.6,22,108.2,FALSE,FALSE
2013,Los Angeles Lakers,82,19705,42.5,90.7,0.468,8.2,22.7,0.361,34.2,68,0.504,17.4,24,0.727,13.2,36.4,49.6,26.1,9.8,4.8,14.4,19.5,110.6,FALSE,FALSE
2013,Philadelphia 76ers,82,19855,40,85,0.471,9,24.4,0.37,31,60.7,0.511,20.8,27.6,0.754,11.9,35,46.9,26.1,9,6.8,17,20.6,109.9,FALSE,FALSE
2014,Utah Jazz,82,19705,39.5,88.8,0.446,8.1,22.5,0.362,31.4,66.3,0.474,17.6,23.7,0.744,10.9,32.4,43.3,21.5,9.1,5.1,14.5,21.6,104.9,FALSE,FALSE
2014,Memphis Grizzlies,82,19905,38.7,87.6,0.442,8.7,24.8,0.351,30,62.9,0.478,16.1,21.6,0.742,11.3,34.3,45.6,21.7,7.9,5.6,16.5,21.8,102.2,TRUE,FALSE
2014,San Antonio Spurs,82,19955,39,88,0.444,7.2,19.9,0.36,31.9,68.1,0.468,16.8,22.5,0.745,10.4,33.9,44.3,21.8,8.3,4.6,15,20.7,102,TRUE,FALSE
2014,Indiana Pacers,82,19855,38.3,88,0.435,7.7,22.2,0.345,30.6,65.8,0.465,19.1,25.3,0.753,10.4,35.1,45.5,21.2,8,5,13.6,22.8,103.2,FALSE,FALSE
2014,Atlanta Hawks,82,19730,38.7,88.3,0.439,9.3,27.3,0.341,29.4,60.9,0.483,16.3,21.4,0.764,12.3,34.1,46.3,25,7.8,5.2,17.1,20.9,103.1,TRUE,FALSE
2014,Miami Heat,82,19730,39.6,87.3,0.454,8.9,25.2,0.353,30.7,62,0.495,18.6,25.5,0.73,12,33,45,23.4,8.6,4.8,16.3,22.9,106.7,FALSE,FALSE
2014,Charlotte Hornets,82,19905,39.2,89,0.44,8.4,23.6,0.357,30.8,65.5,0.47,16.8,21.7,0.772,9.4,37.5,46.9,23.5,6.5,5.7,13.4,22.2,103.5,FALSE,FALSE
2014,Milwaukee Bucks,82,19930,37.3,85.5,0.437,8.7,25.3,0.342,28.7,60.2,0.476,18.9,25.5,0.742,12,33,45,23.4,9.1,5,18.2,21.1,102.2,TRUE,FALSE
2014,Chicago Bulls,82,19880,40.3,92.5,0.435,7,20.9,0.335,33.3,71.6,0.465,16.8,22.4,0.749,12.5,33.8,46.3,21.6,8,5.8,13,22.6,104.3,TRUE,FALSE
2014,Washington Wizards,82,19955,38.1,87.9,0.433,8.4,24.2,0.349,29.6,63.7,0.465,18.4,24.9,0.738,10.5,33.4,43.9,21,8.4,4.5,14.7,20.7,103,TRUE,FALSE
2014,New Orleans Pelicans,82,19780,41.3,90.5,0.456,7.1,21.3,0.335,34.1,69.2,0.494,17.7,23.3,0.759,11.6,33.7,45.2,22.6,7.4,6.3,13.3,20.4,107.3,TRUE,FALSE
2014,Portland Trail Blazers,82,19855,40.2,91.4,0.439,6.7,19.9,0.338,33.4,71.5,0.468,16.7,22,0.758,11.6,35.3,46.9,21.4,8.4,3.8,12.8,19.7,103.7,TRUE,FALSE
2014,Cleveland Cavaliers,82,19780,41,90,0.456,8.3,24.3,0.343,32.7,65.7,0.497,16,21.4,0.745,11.6,32.7,44.3,25.9,8.4,4.8,14.3,22.1,106.3,TRUE,FALSE
2014,Detroit Pistons,82,19830,40.5,88.9,0.456,8.3,23.3,0.355,32.2,65.6,0.491,17.1,22.2,0.772,11.4,35.7,47.2,25.4,7.5,5.1,14.9,20.7,106.4,FALSE,FALSE
2014,Golden State Warriors,82,19730,37.5,87.7,0.428,7.3,21.7,0.337,30.2,65.9,0.458,19,24.9,0.763,11.9,33.3,45.2,21.3,8.4,3.6,16.5,19.1,101.4,TRUE,TRUE
2014,Los Angeles Clippers,82,19730,38.3,86.6,0.442,8.8,25.2,0.349,29.6,61.5,0.481,20,27,0.741,11.1,34,45.2,24.5,7,3.1,15,22.7,105.5,TRUE,FALSE
2014,Houston Rockets,82,19805,38.8,87.6,0.443,7.6,23.6,0.322,31.2,64,0.487,18.2,24.2,0.751,12.2,32.9,45.1,22,9.1,5.5,16.8,21.7,103.4,TRUE,FALSE
2014,Brooklyn Nets,82,19930,40.9,89.8,0.456,9,25.2,0.358,31.9,64.5,0.494,16.6,22.7,0.731,12.2,35.1,47.2,25.2,8.4,4.8,14.8,21.3,107.4,TRUE,FALSE
2014,Toronto Raptors,82,19855,40.6,88.4,0.459,8.2,23.8,0.346,32.3,64.6,0.501,18.4,25,0.733,12,33.3,45.3,24.3,7.4,5.4,15.4,21.7,107.7,TRUE,FALSE
2014,Philadelphia 76ers,82,19805,38.5,85.9,0.449,8.3,23.8,0.35,30.2,62.1,0.487,19.4,25.6,0.756,11.9,36.1,48,24.6,9.9,5.7,17.4,21,104.8,FALSE,FALSE
2014,Boston Celtics,82,19880,39.4,87.5,0.45,7.6,22.7,0.336,31.7,64.7,0.49,18.2,24,0.755,11.2,34.9,46.2,22.6,7.3,5.4,15.6,19.5,104.5,TRUE,FALSE
2014,New York Knicks,82,19855,40.2,87.4,0.46,9.2,24.2,0.38,31,63.2,0.49,20.5,26.9,0.759,11.9,35.4,47.3,23.6,8.7,4.7,15.3,20.7,110,FALSE,FALSE
2014,Orlando Magic,82,19755,40.3,87,0.463,8.8,24,0.368,31.5,63,0.499,18.3,24.3,0.751,10.7,35.5,46.1,24.9,8.2,5.7,15.3,19,107.7,FALSE,FALSE
2014,Oklahoma City Thunder,82,19830,39,88.6,0.44,8.6,25.1,0.343,30.4,63.5,0.479,18.9,25.3,0.745,11.6,32.7,44.3,22.9,8.1,4.8,14.1,21.2,105.5,FALSE,FALSE
2014,Dallas Mavericks,82,19880,39.5,87.9,0.45,9.4,25.8,0.364,30.1,62.1,0.485,18,23.8,0.753,12.8,35.2,48,23.2,7.6,4,17,23,106.4,TRUE,FALSE
2014,Phoenix Suns,82,19880,39.5,87.4,0.452,7.9,22.5,0.352,31.5,64.9,0.486,19.3,25.5,0.759,11.9,34.7,46.6,21.7,8.2,4.2,16,20.9,106.2,FALSE,FALSE
2014,Denver Nuggets,82,19880,39.7,86.8,0.458,7.9,22.9,0.346,31.8,63.9,0.498,20.8,27.7,0.748,11.3,35.1,46.4,23.8,7.7,6.3,14.8,21.3,108.2,FALSE,FALSE
2014,Sacramento Kings,82,19855,41,89.9,0.456,9.1,26.1,0.349,31.9,63.9,0.5,18,24.1,0.748,11.4,31.4,42.8,24.2,9,6.4,13.4,24.8,109.2,FALSE,FALSE
2014,Los Angeles Lakers,82,19930,40.7,87.3,0.466,8.9,24.6,0.363,31.8,62.7,0.507,20.2,27.1,0.745,10.6,35.8,46.4,25.2,7.8,5.1,13.7,20.4,110.6,FALSE,FALSE
2014,Minnesota Timberwolves,82,19805,43.3,89,0.487,8.9,24.4,0.367,34.4,64.6,0.531,16.6,21.9,0.759,12.2,33.6,45.9,24.8,8.8,5.8,16,22.5,112.2,FALSE,FALSE
2015,San Antonio Spurs,82,19705,38,87.2,0.436,7,21.2,0.331,31,65.9,0.47,15.9,20.9,0.758,9.7,33.5,43.2,22.2,7.7,4.1,15.8,20.7,99,TRUE,FALSE
2015,Utah Jazz,82,19955,38.6,86.6,0.446,8.6,24,0.357,30,62.5,0.48,18.2,24.3,0.746,10.1,33.3,43.4,20.7,8.6,5.1,15.1,21.5,103.9,FALSE,FALSE
2015,Toronto Raptors,82,19780,39.1,87.9,0.444,9.4,25.1,0.373,29.7,62.8,0.473,17.7,23.6,0.748,10.2,33.5,43.7,23.3,7,5.8,14.3,23.5,105.2,TRUE,FALSE
2015,Cleveland Cavaliers,82,19855,39.1,87.3,0.448,8.4,24.1,0.347,30.7,63.2,0.487,17.9,24,0.743,9.8,33.7,43.6,22.8,7.6,4.7,14.2,21.9,104.5,TRUE,TRUE
2015,Miami Heat,82,19830,39.5,89.4,0.442,7.8,22.5,0.347,31.7,66.9,0.474,17.5,22.8,0.77,10.4,33.4,43.8,21.4,7.9,4.4,13.7,20.8,104.4,TRUE,FALSE
2015,Atlanta Hawks,82,19830,38,87.9,0.432,8.5,25,0.338,29.5,62.9,0.469,17,22.6,0.755,11.8,35.7,47.5,22.5,8.8,5.1,16.5,18.7,101.4,TRUE,FALSE
2015,Los Angeles Clippers,82,19830,38.1,87.8,0.434,8.1,24.1,0.338,29.9,63.6,0.471,19.5,26,0.751,12.2,36.1,48.4,22,7.4,3.3,15.9,23.3,103.8,TRUE,FALSE
2015,Indiana Pacers,82,19880,38.3,87,0.44,8.5,25.4,0.334,29.8,61.5,0.484,17.8,23.7,0.751,11,34.7,45.6,21.3,7.9,4.6,16.2,20.9,102.9,TRUE,FALSE
2015,Charlotte Hornets,82,19855,39.1,88.1,0.444,9.2,26.3,0.349,30,61.8,0.485,16.9,21.9,0.769,9.2,37.1,46.3,24,7,5.7,13.9,21.1,104.3,TRUE,FALSE
2015,New York Knicks,82,19805,40.4,91.3,0.443,8.1,23.8,0.341,32.3,67.4,0.479,18.6,24.7,0.754,11.5,35.5,47,22.1,7.6,4.5,12,19.7,107.6,FALSE,FALSE
2015,Memphis Grizzlies,82,19830,38.2,83.8,0.456,10.3,28.4,0.365,27.9,55.5,0.503,21,27.3,0.768,10.8,35.2,45.9,23.3,7.5,6.1,17.2,22.5,107.8,TRUE,FALSE
2015,Detroit Pistons,82,19880,40.4,87.6,0.461,7.6,21.3,0.355,32.8,66.3,0.495,17.1,21.9,0.783,9.2,35.1,44.3,22.4,7.4,4.6,14,22.5,105.5,TRUE,FALSE
2015,Boston Celtics,82,19780,37.9,85.9,0.441,7.9,23.6,0.336,30,62.4,0.481,19.9,26.3,0.755,11.5,35,46.5,21.1,7.7,5.5,16.6,21.2,103.6,TRUE,FALSE
2015,Dallas Mavericks,82,20005,40,88.7,0.451,9.5,27.6,0.342,30.5,61.1,0.5,17.6,23.8,0.738,11,36.7,47.8,22.9,7.8,4.6,14.5,22.4,107,TRUE,FALSE
2015,Oklahoma City Thunder,82,19830,39.4,90,0.438,8.3,24.4,0.342,31.1,65.6,0.474,18.4,24.4,0.756,11.6,29.7,41.3,22.1,9,4.7,13.4,20.7,105.6,TRUE,FALSE
2015,Chicago Bulls,82,19905,40.7,92.4,0.441,8.2,23.7,0.345,32.5,68.6,0.474,16.8,22.8,0.737,12.2,35.2,47.4,23.3,8.2,5.9,12.3,19.3,106.5,FALSE,FALSE
2015,Milwaukee Bucks,82,19830,39.8,87.6,0.454,9.8,27.9,0.352,30,59.7,0.502,19.3,25.2,0.768,12.1,33.2,45.3,25.9,8.7,5.9,16.3,20.5,108.7,FALSE,FALSE
2015,Orlando Magic,82,19905,39.6,86,0.46,9.2,25.6,0.359,30.4,60.4,0.503,18.5,24.8,0.746,10.5,35.2,45.6,23.9,7.8,5.6,15.6,18.8,106.8,FALSE,FALSE
2015,Golden State Warriors,82,19880,38.7,89.1,0.435,7.8,23.4,0.332,31,65.7,0.472,18.5,24.5,0.757,11.4,32.4,43.7,22.2,8.6,4.1,14.4,19.8,103.8,TRUE,FALSE
2015,Portland Trail Blazers,82,19805,39.7,87.7,0.453,8.8,23.8,0.371,30.9,63.8,0.484,19.7,26.9,0.734,10.9,34.3,45.2,22.3,8,5.4,13.7,20.2,108,TRUE,FALSE
2015,Washington Wizards,82,19755,39.1,84.7,0.462,9.1,24.5,0.371,30,60.2,0.498,18.5,24,0.769,9.5,35.3,44.8,22.8,8.2,4.4,16.3,20.4,105.8,FALSE,FALSE
2015,Denver Nuggets,82,19830,40.2,87.3,0.461,9.5,25.7,0.371,30.7,61.6,0.498,18.9,24.8,0.761,10.1,34.1,44.2,24.3,8.3,6.5,14.2,21.6,108.9,FALSE,FALSE
2015,Minnesota Timberwolves,82,19880,41.5,88.3,0.471,9.4,26.5,0.355,32.1,61.8,0.52,17.7,23.4,0.757,11.1,32.4,43.5,23.5,8.1,5.4,15.5,22.4,110.1,FALSE,FALSE
2015,Brooklyn Nets,82,19755,42.7,89.1,0.479,9.9,26.8,0.369,32.8,62.3,0.526,15.7,20.5,0.763,10.7,34.7,45.4,25.6,9.2,5.5,14.8,19.3,110.9,FALSE,FALSE
2015,Houston Rockets,82,19830,39.7,86.5,0.459,9.9,27.4,0.361,29.8,59.2,0.504,18.9,25,0.756,12,33.4,45.4,25,9.1,5,16.9,22.9,108.1,TRUE,FALSE
2015,New Orleans Pelicans,82,19780,40.3,86.2,0.468,9.5,25.6,0.369,30.9,60.6,0.51,19.4,24.7,0.783,9.2,36.5,45.7,23.8,7.5,5.3,14.1,20.4,109.5,FALSE,FALSE
2015,Los Angeles Lakers,82,19730,42.3,89.4,0.473,8.9,25.7,0.347,33.4,63.7,0.524,18.1,24.7,0.731,11.4,37.1,48.5,25.7,7.9,5.8,13.2,20,111.6,FALSE,FALSE
2015,Phoenix Suns,82,19705,39.7,84.9,0.467,9.5,25.2,0.377,30.1,59.7,0.505,20.2,26.9,0.749,10.1,34.2,44.3,22.7,9.7,5.6,15.1,21.9,109,FALSE,FALSE
2015,Philadelphia 76ers,82,19805,40.2,86.7,0.464,7.9,22,0.359,32.4,64.7,0.5,20.8,26.5,0.786,11.3,37,48.3,23.7,8.8,5.8,15.4,19.4,109.2,FALSE,FALSE
2015,Sacramento Kings,82,19805,40.3,87.2,0.462,10.2,27.8,0.366,30.2,59.4,0.508,17.6,23.1,0.762,11.2,33.5,44.7,24.1,8.8,5.3,15.9,21.8,108.4,FALSE,FALSE
2016,Utah Jazz,82,19755,39.5,89.2,0.443,8.9,24.9,0.358,30.6,64.3,0.476,17.4,22.6,0.769,9.8,33.9,43.7,19.4,7.9,4.1,13.2,22,105.3,TRUE,FALSE
2016,San Antonio Spurs,82,19805,39,88,0.443,8.6,25,0.344,30.4,63,0.483,16.9,21.9,0.771,10.3,33.4,43.7,22.6,7.9,4.3,15.2,20.9,103.5,TRUE,FALSE
2016,Memphis Grizzlies,82,19905,37.4,84.5,0.443,10.6,30,0.354,26.8,54.4,0.492,21.7,28.8,0.753,9.9,35.2,45.1,21.5,7.5,5.4,15.3,22.3,107.1,TRUE,FALSE
2016,Dallas Mavericks,82,19780,39.9,85.2,0.469,10.4,27.3,0.38,29.6,57.9,0.51,18.6,24,0.772,9.6,38.5,48,22.9,7,3.7,16.1,20.9,108.8,FALSE,FALSE
2016,Miami Heat,82,19780,39.6,88,0.45,8.1,23.8,0.343,31.5,64.2,0.49,19.3,24.7,0.782,10.7,34.9,45.5,20.5,7.1,5.1,14.3,19.5,106.7,FALSE,FALSE
2016,Chicago Bulls,82,19780,41.2,90.4,0.456,9.3,27,0.345,31.9,63.4,0.503,15.2,19.8,0.77,10.7,34.4,45.1,24.7,7.7,4.8,14,19.6,107,TRUE,FALSE
2016,Detroit Pistons,82,19805,40.1,87.1,0.46,9.8,26.8,0.366,30.3,60.4,0.502,17.2,22,0.78,8.4,36.5,44.9,24.6,7,4.3,13.3,18.3,107.1,FALSE,FALSE
2016,Toronto Raptors,82,19780,39.1,87.1,0.449,10.2,28.7,0.354,28.9,58.4,0.495,19.5,25,0.78,10.6,33.6,44.2,22.9,7,5,15.4,21.3,107.8,TRUE,FALSE
2016,Milwaukee Bucks,82,19780,40,87.3,0.458,10.5,29.7,0.353,29.5,57.6,0.512,18.8,24.4,0.771,10.8,33.8,44.7,25.3,7.8,4.8,15.5,20.3,109.3,TRUE,FALSE
2016,Atlanta Hawks,82,19880,39.4,88.7,0.444,11.1,31,0.357,28.3,57.7,0.491,15.9,20.6,0.772,10.9,33.7,44.6,23.8,9.1,5.3,15.6,21.9,105.7,TRUE,FALSE
2016,Golden State Warriors,82,19780,38.7,88.9,0.435,9,27.7,0.324,29.7,61.2,0.485,17.6,23.2,0.761,11.7,31.7,43.4,22.6,8.6,3.8,15.5,19.3,104,TRUE,TRUE
2016,Los Angeles Clippers,82,19755,40,88.5,0.452,9.5,27.2,0.35,30.5,61.3,0.497,18.7,24.2,0.772,10.6,34.1,44.7,23.9,7.3,3.3,13.7,23.2,108.2,TRUE,FALSE
2016,Charlotte Hornets,82,19830,40.9,89.7,0.456,12,32.6,0.369,28.9,57.1,0.506,14.7,18.9,0.776,9.3,36.8,46.1,25.4,6.8,5.7,13.5,20.6,108.6,FALSE,FALSE
2016,Indiana Pacers,82,19855,39.3,87.1,0.451,10.7,30.1,0.355,28.6,57,0.501,19.6,24.9,0.789,11.1,34.7,45.7,23.1,8.3,5.1,15.4,20.2,108.8,TRUE,FALSE
2016,Boston Celtics,82,19755,39.8,88.3,0.45,9.2,27.8,0.332,30.5,60.5,0.505,19.7,25.6,0.769,11.1,34.8,45.8,23.2,7.8,5.3,14.3,20.9,108.4,TRUE,FALSE
2016,Oklahoma City Thunder,82,19805,39.8,86.7,0.459,9,25.2,0.356,30.9,61.5,0.502,18.9,24.7,0.764,9.3,32,41.3,21.8,8.6,5.6,14,21,107.5,TRUE,FALSE
2016,New Orleans Pelicans,82,19905,40.4,89.8,0.45,10.6,30.1,0.353,29.8,59.7,0.499,15.9,20.9,0.762,10.7,38,48.7,23.6,7.4,4.3,14.1,19.4,107.4,FALSE,FALSE
2016,Minnesota Timberwolves,82,19805,41.6,87.4,0.475,10.4,28.3,0.366,31.2,59.1,0.528,18.5,24.1,0.768,10.3,32.1,42.4,24.3,8.1,5.3,15,21.5,112,FALSE,FALSE
2016,Sacramento Kings,82,19880,40.1,86.8,0.462,11.4,31.3,0.364,28.7,55.5,0.517,19.7,25.3,0.778,10.5,34.2,44.7,24.7,8.8,5.3,14.6,20.9,111.3,FALSE,FALSE
2016,Cleveland Cavaliers,82,19880,41.8,91.4,0.458,10.7,29.5,0.361,31.2,61.9,0.504,16,20.6,0.773,11.3,34.2,45.5,25.4,7.5,4.4,13,21.2,110.3,TRUE,FALSE
2016,Washington Wizards,82,19855,40.4,86.6,0.466,10.1,27.6,0.364,30.3,59,0.514,18.5,24.6,0.751,10.8,33,43.8,23.2,7.5,4.7,15.6,20.1,109.3,TRUE,FALSE
2016,Orlando Magic,82,19805,41.3,88.6,0.467,9.9,27,0.367,31.4,61.6,0.51,17.8,23.3,0.766,10,36.7,46.7,24.2,7.8,5.2,13.4,19.2,110.5,FALSE,FALSE
2016,New York Knicks,82,19855,41,90.2,0.455,10.2,29.1,0.348,30.9,61.1,0.506,19.3,25,0.771,12,34.2,46.2,22.5,7.7,4.7,13.3,19.1,111.5,FALSE,FALSE
2016,Philadelphia 76ers,82,19830,39.8,86.5,0.461,9,25.1,0.357,30.9,61.4,0.503,20.3,26.2,0.773,10.9,34.4,45.3,22.8,8.6,5.5,15.2,19.8,108.9,FALSE,FALSE
2016,Portland Trail Blazers,82,19930,40,88.1,0.455,9.5,25.6,0.37,30.5,62.4,0.489,21.3,27.1,0.785,10.3,34.6,44.9,21,7.9,5.4,13.1,20.2,110.8,TRUE,FALSE
2016,Houston Rockets,82,19780,40.9,88.4,0.463,9.9,29,0.343,31,59.4,0.522,17.2,22.1,0.778,10.7,33.2,43.8,24,8.5,5,15,20.3,109,TRUE,FALSE
2016,Denver Nuggets,82,19755,42.7,89.6,0.477,10,26.6,0.375,32.7,63,0.519,17.3,22.2,0.782,9.5,31.8,41.4,24.4,8.4,5,12.1,20.4,112.7,FALSE,FALSE
2016,Los Angeles Lakers,82,19705,42.1,87.2,0.483,10.3,27.8,0.37,31.8,59.4,0.536,18.5,24.3,0.762,10.4,34.6,45.1,26.1,8.6,5.4,14.7,18.8,113,FALSE,FALSE
2016,Brooklyn Nets,82,19755,41,89.4,0.458,9.8,26.8,0.366,31.2,62.6,0.498,19,24.6,0.772,10.8,35.6,46.4,22.7,9.4,5.5,13.1,20,110.7,FALSE,FALSE
2016,Phoenix Suns,82,19830,39.8,85.3,0.467,10,26.1,0.382,29.9,59.3,0.504,22.5,28.8,0.783,10.1,33.5,43.6,21.9,8,5.3,14.7,22,112.2,FALSE,FALSE
2017,Utah Jazz,82,19755,38.8,86.4,0.449,9.9,27,0.365,28.9,59.3,0.488,16.4,21.3,0.771,9,34.3,43.3,20.8,8.6,4.8,15.5,21.4,103.9,TRUE,FALSE
2017,San Antonio Spurs,82,19730,40.1,88.5,0.453,9.6,27.6,0.348,30.5,60.9,0.501,15,19.8,0.759,9.7,35,44.6,22.9,8,4.1,14.8,20.7,104.8,TRUE,FALSE
2017,Boston Celtics,82,19805,38.7,88,0.44,9.7,28.6,0.339,29,59.3,0.488,16.8,22.1,0.763,10,35.4,45.4,22,7.5,4.6,14.6,19.8,103.9,TRUE,FALSE
2017,Miami Heat,82,19930,38.9,86.6,0.45,9.9,27.5,0.36,29,59.1,0.491,18.6,23.7,0.783,9.4,35.2,44.5,21.7,7.8,4.8,14.6,20,106.3,TRUE,FALSE
2017,Portland Trail Blazers,82,19755,39.6,88.7,0.447,10,27.4,0.364,29.6,61.2,0.484,17.2,22.7,0.755,9.6,34.7,44.3,20.8,7.6,5.3,13,19.7,106.4,TRUE,FALSE
2017,Toronto Raptors,82,19830,39.1,87.2,0.449,9.1,25.4,0.357,30.1,61.8,0.486,18.5,24.1,0.767,10,33.2,43.2,22.2,7.3,5,14.6,20.3,105.9,TRUE,FALSE
2017,Houston Rockets,82,19755,40.4,87.4,0.462,10.3,29.5,0.351,30.1,57.9,0.519,15,20,0.746,8.8,34.1,42.9,22.9,7.6,4.5,14.9,20.8,106.1,TRUE,FALSE
2017,Detroit Pistons,82,19805,40.4,88,0.459,11.4,31.8,0.359,28.9,56.2,0.515,15.1,19.5,0.776,9.5,35.7,45.2,26,7.5,5,15.3,19,107.3,FALSE,FALSE
2017,Indiana Pacers,82,19755,40.9,88,0.465,11,31.6,0.349,29.9,56.4,0.53,15.3,20.3,0.757,10.6,34,44.6,24.1,7.3,5.4,16.1,19.2,108.1,TRUE,FALSE
2017,Oklahoma City Thunder,82,19830,39.5,86.2,0.458,11.5,31.4,0.367,28,54.8,0.511,16.7,21.7,0.769,9.8,33.5,43.3,23.9,7.9,4.7,16.5,21.9,107.2,TRUE,FALSE
2017,Philadelphia 76ers,82,19780,37.9,87.4,0.434,10.1,29.5,0.342,27.9,57.8,0.482,19,25.6,0.745,9.9,32.1,42.1,21.7,8.5,5.1,14.3,20.3,105,TRUE,FALSE
2017,Dallas Mavericks,82,19805,40.8,87.1,0.469,11.1,30.6,0.363,29.7,56.5,0.526,16.8,22.2,0.757,9.2,38.4,47.5,24.4,7.5,4.7,14.3,20.3,109.5,FALSE,FALSE
2017,Memphis Grizzlies,82,19705,39.1,84.5,0.462,11.2,30.5,0.368,27.9,54,0.516,21.7,28.2,0.769,10,34.7,44.7,23.3,8.5,5.4,15.5,21.5,111,FALSE,FALSE
2017,Sacramento Kings,82,19755,40.7,86.5,0.47,12.5,33.1,0.377,28.2,53.4,0.527,17.2,22.5,0.765,9.5,36.4,45.9,24.8,8.1,5,15.1,18.2,111.1,FALSE,FALSE
2017,Washington Wizards,82,19855,40,86.5,0.462,10.4,29.9,0.349,29.5,56.6,0.522,18.4,24.2,0.761,10.1,33.5,43.6,22.9,8,4.8,15.3,20.5,108.7,TRUE,FALSE
2017,Milwaukee Bucks,82,19830,40.4,86.3,0.468,10.4,28,0.372,29.9,58.3,0.513,19,24.2,0.783,10.3,33.8,44,24.4,7.4,4.6,16.1,20.5,110.1,TRUE,FALSE
2017,Minnesota Timberwolves,82,19805,41.6,87.6,0.475,11.2,30.7,0.366,30.4,56.9,0.534,16.6,21.2,0.779,10.1,33.2,43.3,24.8,6.7,4.8,15.6,21.6,111.1,TRUE,FALSE
2017,Golden State Warriors,82,19730,40.3,90.1,0.447,10.4,29.2,0.357,29.8,60.9,0.49,16.7,22.1,0.758,10.9,31.7,42.6,23.6,8.8,3.7,14.4,18.5,107.6,TRUE,TRUE
2017,Charlotte Hornets,82,19780,41.5,88.8,0.468,11.4,30.4,0.375,30.1,58.3,0.516,14.6,18.4,0.795,8.5,35.6,44.2,25,6.7,5,13.7,22.7,109.1,FALSE,FALSE
2017,New York Knicks,82,19830,40.4,88.5,0.457,11.5,31.2,0.368,28.9,57.3,0.505,18.4,23.8,0.774,10.5,33.8,44.2,24.6,8.4,4.9,13.7,18.9,110.7,FALSE,FALSE
2017,Orlando Magic,82,19730,41.6,89,0.468,10.2,28,0.362,31.5,61,0.516,16.7,21.6,0.773,10.8,35.9,46.6,24.8,7.9,5,14.5,19.3,110.1,FALSE,FALSE
2017,Denver Nuggets,82,19880,42.2,88.7,0.476,11.1,29.5,0.378,31.1,59.2,0.525,15.4,20.8,0.738,10,32.6,42.6,25.3,8.2,4.9,14.1,21.2,111,FALSE,FALSE
2017,Atlanta Hawks,82,19705,41.3,88.1,0.469,11.8,31.2,0.377,29.6,56.9,0.52,16.1,20.9,0.772,10.4,34.5,44.9,26.5,8.8,5.6,15.3,20.6,110.6,FALSE,FALSE
2017,Los Angeles Clippers,82,19705,40.7,88.8,0.458,10.9,30.6,0.356,29.8,58.2,0.512,18,23,0.782,10.7,33.4,44.1,24.9,8.6,5.7,14.2,22.2,110.2,FALSE,FALSE
2017,Los Angeles Lakers,82,19905,40.4,88.6,0.456,10.3,29.7,0.346,30.2,58.9,0.512,16.8,22.1,0.761,10.1,34.1,44.2,23.2,8.2,5.4,14.1,20.2,108,FALSE,FALSE
2017,Cleveland Cavaliers,82,19730,42.6,89.9,0.474,11.9,32.2,0.368,30.7,57.6,0.533,14.9,19.7,0.756,10.1,34.3,44.4,26.3,7.6,4.2,13.7,21.1,111.9,TRUE,FALSE
2017,Chicago Bulls,82,19855,41.3,87.5,0.472,12.2,32.9,0.37,29.1,54.5,0.534,16.1,20.4,0.787,8.5,37.5,46,26.1,7.2,5.2,13.7,17.5,110.9,FALSE,FALSE
2017,Brooklyn Nets,82,19855,41.8,89.7,0.466,9.1,24.6,0.369,32.7,65.1,0.503,18,23.5,0.766,10.4,36.4,46.9,21.8,7.7,5.5,12.4,19.7,110.6,FALSE,FALSE
2017,New Orleans Pelicans,82,19955,40.9,90.2,0.454,10.7,30,0.355,30.3,60.2,0.503,15.8,20.1,0.784,10.6,34,44.6,23.3,8,4.1,14.2,20,108.3,TRUE,FALSE
2017,Phoenix Suns,82,19705,41.6,88.4,0.471,10.9,29.1,0.373,30.7,59.2,0.519,18.7,24.5,0.766,10.4,35.3,45.7,23.2,8.6,5.9,13.3,20.8,112.8,FALSE,FALSE
2018,Indiana Pacers,82,19705,39.4,87.6,0.45,11.6,32.7,0.354,27.9,54.9,0.507,16.1,21.3,0.756,10.7,33.7,44.4,24.9,7.5,5.3,15.9,20.4,106.5,TRUE,FALSE
2018,Miami Heat,82,19730,38.9,88.1,0.441,12,33.6,0.358,26.8,54.5,0.493,17.7,23,0.769,10.3,34.6,44.9,23.7,7.6,4.8,14.4,20.5,107.6,FALSE,FALSE
2018,Memphis Grizzlies,82,19880,38.5,85.4,0.451,11.9,33,0.36,26.6,52.5,0.508,19.8,25.3,0.784,9.8,36,45.8,24,7.8,5,15.6,22,108.8,FALSE,FALSE
2018,Utah Jazz,82,19755,39.7,87.8,0.452,9.8,27.5,0.355,29.9,60.3,0.496,16.6,22.1,0.753,8.9,33.5,42.3,21.4,8.4,4.6,13.8,22.2,105.7,TRUE,FALSE
2018,Orlando Magic,82,19780,40.5,88.9,0.456,10.6,30.6,0.347,29.9,58.3,0.513,16.5,21.2,0.778,9.1,36.1,45.3,23.4,7.1,4.5,13.2,19,108.1,TRUE,FALSE
2018,Denver Nuggets,82,19730,40.4,88.2,0.458,11,32.6,0.339,29.4,55.6,0.528,17.1,22.7,0.753,9.9,33.4,43.4,25.1,7.6,5.1,13.8,20.8,108.9,TRUE,FALSE
2018,Detroit Pistons,82,19855,40.6,86.5,0.469,9.8,28.3,0.345,30.9,58.2,0.53,18.3,24.2,0.755,9.3,35.2,44.5,24.1,7,5.2,14.3,21.7,109.2,TRUE,FALSE
2018,Boston Celtics,82,19780,39.4,87.9,0.448,11.5,33.5,0.344,27.9,54.5,0.513,17.4,22.8,0.764,10.4,35.5,45.8,23.6,6.8,3.9,15.1,19.5,107.8,TRUE,FALSE
2018,Toronto Raptors,82,19880,39.8,88.6,0.449,10.6,30.8,0.345,29.2,57.8,0.505,16.9,22,0.765,10.5,33.8,44.3,24.3,7.5,4.4,14.8,20.3,107.1,TRUE,TRUE
2018,Houston Rockets,82,19830,41,87.9,0.466,10.3,30.2,0.34,30.7,57.7,0.532,18.5,24,0.768,11.1,34.9,46.1,23.9,7.5,4.6,15.2,20.3,110.7,TRUE,FALSE
2018,Milwaukee Bucks,82,19780,39,90.1,0.433,12.6,35,0.361,26.4,55.1,0.479,14.6,19.9,0.733,9.6,34.1,43.6,23.9,6.5,4.6,12.9,19.4,105.2,TRUE,FALSE
2018,San Antonio Spurs,82,19805,42,90.7,0.463,11.8,33,0.359,30.1,57.7,0.522,15.4,20.4,0.755,9.3,35.1,44.4,25,7.3,4.1,12.3,19.9,111.2,TRUE,FALSE
2018,Dallas Mavericks,82,19780,41.2,89.7,0.459,11.3,32.7,0.344,29.9,57,0.525,17.2,22.1,0.777,10.2,34.8,45.1,24.7,7.9,4.5,13.1,23.4,110.7,FALSE,FALSE
2018,Portland Trail Blazers,82,19855,41.1,90.1,0.457,10.7,29.8,0.359,30.4,60.3,0.505,17.5,22.8,0.77,10.3,32.6,42.8,23.2,7.4,5.1,12.4,20.7,110.5,TRUE,FALSE
2018,Oklahoma City Thunder,82,19855,39.3,85.5,0.46,10.8,30.5,0.356,28.5,55,0.517,17.6,23.2,0.761,9.5,34.5,44,24,7.9,4.9,16.1,21.7,107,TRUE,FALSE
2018,Golden State Warriors,82,19805,39.8,89.7,0.444,11.5,33.1,0.347,28.3,56.7,0.5,18.4,23.9,0.773,10.6,33,43.7,23.9,7.6,3.5,13.3,19.2,109.5,TRUE,FALSE
2018,Charlotte Hornets,82,19830,42.1,89.6,0.47,12.2,33.7,0.361,30,56,0.536,16,20.4,0.787,10.1,35.9,46.1,26.2,6.9,6,13.6,20.7,112.5,FALSE,FALSE
2018,Brooklyn Nets,82,19980,41.2,90.3,0.456,10.1,29.6,0.341,31.1,60.7,0.513,17.2,22.3,0.77,10.7,34.4,45.2,23.2,7.6,5.1,13.1,21.5,109.7,TRUE,FALSE
2018,Philadelphia 76ers,82,19805,40.8,89.5,0.455,10.1,29.4,0.342,30.7,60.1,0.511,18.4,24,0.768,9.8,32.7,42.5,22.9,7.6,4,12.5,21.7,110,TRUE,FALSE
2018,Chicago Bulls,82,19905,42.2,89.1,0.473,12.1,33,0.365,30.1,56.1,0.537,16.8,22,0.763,10,36.4,46.4,25.5,7.3,5.8,13.3,18.7,113.2,FALSE,FALSE
2018,Los Angeles Lakers,82,19780,40.4,89.5,0.452,11.4,32.7,0.349,29,56.8,0.511,17.2,21.9,0.784,10.9,34.3,45.2,24.1,8,5,13.7,20.1,109.5,FALSE,FALSE
2018,New York Knicks,82,19780,41.8,89.6,0.467,11.8,32.6,0.363,30,57,0.527,18.2,23.7,0.766,10.7,36.7,47.5,25.6,7.4,5.6,13.2,20.8,113.7,FALSE,FALSE
2018,Minnesota Timberwolves,82,19830,41.7,89.2,0.467,12.6,33.3,0.378,29.1,56,0.52,16.9,22.1,0.767,11.1,34.1,45.2,25.9,6.5,5.5,14.6,21.7,112.9,FALSE,FALSE
2018,Cleveland Cavaliers,82,19755,44.5,89.9,0.495,12.4,32.6,0.38,32.1,57.3,0.561,16.3,21.1,0.77,9.8,35.6,45.5,26.5,7.1,5.8,12.8,20,117.6,FALSE,FALSE
2018,Los Angeles Clippers,82,19830,40.7,89.1,0.457,10.1,29.5,0.343,30.6,59.7,0.513,20,25.7,0.777,11,33.6,44.6,23.5,8.1,5.9,12.9,23.4,111.5,TRUE,FALSE
2018,Sacramento Kings,82,19730,40.9,87.6,0.466,11.6,33.5,0.348,29.2,54.2,0.54,18.2,23.6,0.77,10.8,35.6,46.4,23.9,7.3,5,15.4,20.7,111.5,FALSE,FALSE
2018,New Orleans Pelicans,82,19755,41.7,89.5,0.466,11.8,32.5,0.364,29.9,57,0.525,17.3,22.7,0.764,10.6,33.6,44.1,25.6,8.3,5.2,13.1,20.3,112.6,FALSE,FALSE
2018,Phoenix Suns,82,19880,41.8,86.8,0.482,11,29.5,0.372,30.9,57.4,0.538,20.5,27.2,0.753,11.7,34.8,46.5,25.5,8.9,4.9,15.4,20.3,115.1,FALSE,FALSE
2018,Washington Wizards,82,19930,42.3,88.2,0.48,11.8,31.9,0.37,30.5,56.3,0.542,17.5,22.5,0.778,11.1,34.9,46,25.6,7.5,4.5,15.3,20.7,113.9,FALSE,FALSE
2018,Atlanta Hawks,82,19855,40.8,86.3,0.473,11.8,32.8,0.359,29,53.5,0.543,20.5,27,0.758,10.1,33.8,43.9,25.6,9.4,5.2,14.4,21.1,113.9,FALSE,FALSE
2019,Charlotte Hornets,65,15750,43.1,90.5,0.476,12.8,36.2,0.352,30.3,54.2,0.558,14.4,19,0.758,11.3,36.2,47.5,27.5,8.3,5.2,14.9,21.3,113.3,FALSE,FALSE
2019,Chicago Bulls,65,15675,39.5,82.4,0.479,11.2,31.6,0.353,28.3,50.8,0.557,19.7,26,0.759,10.1,35.3,45.5,25.4,8.1,5.9,18.2,19.1,109.8,FALSE,FALSE
2019,Detroit Pistons,66,15965,42.6,88.8,0.48,10.9,30.1,0.361,31.8,58.7,0.541,16.5,21.2,0.777,10.3,34,44.2,25,8.4,5.7,14.2,20.1,112.7,FALSE,FALSE
2019,New York Knicks,66,15965,40.1,86.6,0.463,13.4,35.1,0.381,26.7,51.5,0.52,19.4,25.9,0.749,9.6,34.8,44.5,24.5,7.2,5.1,13.8,19.9,113,FALSE,FALSE
2019,Cleveland Cavaliers,65,15725,44.1,89.9,0.491,12.4,33.2,0.375,31.7,56.7,0.558,14.8,19.3,0.767,9.8,33.3,43.1,26.3,9.5,6.4,13.1,19.8,115.4,FALSE,FALSE
2019,Golden State Warriors,65,15725,41.7,87.6,0.476,13.4,34.4,0.389,28.4,53.2,0.533,16.9,21.6,0.783,10.1,35.9,46,25.8,8.2,4.9,15.5,19.9,113.8,FALSE,FALSE
2019,Minnesota Timberwolves,64,15560,41.2,86.3,0.477,11,30.4,0.363,30.1,55.9,0.539,18.8,24.1,0.783,9.7,35.5,45.2,23.3,7.4,5.3,14.8,20.6,112.2,FALSE,FALSE
2019,Los Angeles Lakers,71,17090,38.6,86.1,0.448,11.5,33,0.349,27.1,53.1,0.51,17.7,22.6,0.781,9.3,32.5,41.7,23.1,8.1,3.7,15.7,21.5,106.3,TRUE,TRUE
2019,Toronto Raptors,72,17380,37.2,87,0.428,12.9,38.3,0.337,24.3,48.7,0.499,17.6,22.9,0.769,10.8,34.6,45.4,25.2,7.1,5.4,16.6,20.1,105,TRUE,FALSE
2019,Boston Celtics,72,17430,38.3,86.8,0.441,11.8,34.7,0.34,26.5,52.1,0.508,18.7,24.4,0.767,10.3,33.9,44.2,22.3,7.1,5.5,15.2,20.6,107,TRUE,FALSE
2019,Oklahoma City Thunder,72,17430,40.9,90,0.455,11.3,33.4,0.34,29.6,56.6,0.523,15.6,19.6,0.795,10.5,34.5,45,23.1,7,4,14.3,22.9,108.8,TRUE,FALSE
2019,Utah Jazz,72,17355,41.1,90,0.457,11.1,31.3,0.353,30,58.6,0.512,16.6,21.7,0.767,9.6,33.5,43.1,21.7,7.9,4.6,12.5,21,109.9,TRUE,FALSE
2019,Indiana Pacers,73,17620,39.7,88.9,0.446,11.5,33.8,0.341,28.2,55.1,0.511,17.1,21.7,0.788,10.4,35,45.5,23.2,6.9,4.6,14.7,18.9,108,TRUE,FALSE
2019,Orlando Magic,73,17570,40.9,87.9,0.465,12.4,34,0.364,28.5,53.9,0.529,15.4,20,0.771,9.1,36.2,45.4,25,7.1,4.7,14.8,19.7,109.5,TRUE,FALSE
2019,Philadelphia 76ers,73,17595,40,86.4,0.463,10.5,29.6,0.353,29.6,56.8,0.52,18.5,24.6,0.751,8.7,33.4,42.1,22.9,7,4,13.9,20.6,109,TRUE,FALSE
2019,Los Angeles Clippers,72,17380,38.7,88.3,0.438,12,34.9,0.345,26.7,53.4,0.499,18.2,24,0.756,10.5,33.9,44.4,23.2,7.3,4.6,13.8,22.4,107.6,TRUE,FALSE
2019,Milwaukee Bucks,73,17595,36.9,89,0.414,13.2,37.3,0.355,23.7,51.8,0.457,15.8,20.1,0.787,9,34.4,43.4,22.9,7,4.2,13.4,20.6,102.9,TRUE,FALSE
2019,Miami Heat,73,17745,38.9,87,0.448,13.1,37.9,0.347,25.8,49.1,0.525,18.5,23.7,0.783,9.3,33.4,42.7,24.7,7.5,4.2,14.1,21.8,109.5,TRUE,FALSE
2019,Denver Nuggets,73,17745,40.7,87.9,0.463,12.3,34.4,0.358,28.3,53.4,0.53,17.4,22.9,0.759,10.2,33.1,43.4,25.8,7.3,4.5,14.5,20.8,111,TRUE,FALSE
2019,Atlanta Hawks,67,16280,41.5,87,0.478,11.4,31.4,0.363,30.1,55.6,0.542,20.3,26.3,0.772,10.7,34.4,45.1,24,8.6,6.1,14.4,20.1,114.8,FALSE,FALSE
2019,Sacramento Kings,72,17455,40.3,85.6,0.471,12.4,34.8,0.357,27.9,50.8,0.549,19.2,24.3,0.79,9.1,34.5,43.6,24.9,7.7,4.2,15.2,19.5,112.2,FALSE,FALSE
2019,Brooklyn Nets,72,17480,40.3,90.5,0.446,11.9,33.9,0.35,28.5,56.6,0.503,16.9,22,0.769,10.4,34.4,44.8,22.1,7.5,5.1,12.4,20.6,109.5,TRUE,FALSE
2019,San Antonio Spurs,71,17215,41.7,88.9,0.469,12.9,34.6,0.373,28.8,54.3,0.53,17.2,22.1,0.777,9.2,35.4,44.6,25.3,6.7,4.3,13,19.8,113.5,FALSE,FALSE
2019,Houston Rockets,72,17380,40.5,87.7,0.462,11.7,33.6,0.349,28.8,54.1,0.532,17.3,22.7,0.761,10.7,35.2,45.9,24.2,7.7,4.7,15.5,20.2,110.1,TRUE,FALSE
2019,Phoenix Suns,73,17595,40.5,85.9,0.472,11.4,31.4,0.363,29.1,54.4,0.535,19,24.1,0.788,8.9,33.6,42.6,23.2,7.8,5.4,15.3,22.3,111.4,FALSE,FALSE
2019,Memphis Grizzlies,73,17570,39.4,87.6,0.45,12.5,34.3,0.365,26.9,53.3,0.504,19,24.3,0.782,10,33.5,43.5,24.1,7.8,5.1,14.3,19.6,110.3,FALSE,FALSE
2019,Dallas Mavericks,75,18175,41.8,91.3,0.458,12.2,34.8,0.351,29.6,56.5,0.523,16,21,0.76,10.4,34.9,45.3,23.9,7,4.1,11.9,21.3,111.7,TRUE,FALSE
2019,New Orleans Pelicans,72,17430,40.8,87.8,0.465,11.7,32.4,0.361,29.2,55.4,0.526,18.6,23.6,0.789,9.6,33.2,42.8,23.4,8.2,4.6,13.9,20.2,111.9,FALSE,FALSE
2019,Washington Wizards,72,17355,41.8,85.7,0.488,12.1,32.1,0.376,29.7,53.6,0.555,19.8,25.5,0.778,10.1,34.6,44.8,24.4,7.3,4.9,15.7,21.6,115.5,FALSE,FALSE
2019,Portland Trail Blazers,74,17835,41.3,90.6,0.456,13.4,35,0.383,27.9,55.6,0.501,18.8,24.4,0.771,11.4,35,46.3,24.6,6.7,4.9,12.7,19.9,114.8,TRUE,FALSE
